Student_ID,Age,Gender,College_Tier,City_Type,Monthly_Allowance,Has_Part_Time_Job,Uses_Finance_App,Top_3_Money_Challenges,Allowance_Band
1,23,Non-binary,Tier 2,Rural,7000,0,Splitwise,"Peer pressure spending, No financial knowledge, Saving",High
2,18,Unknown,Tier 3,Rural,8000,1,NoApp,"Loans, Rent sharing, No bank account",High
3,18,Female,Tier 2,Semi-urban,3000,0,Cred,"Loans, Rent sharing, No bank account",Medium
4,23,Female,Tier 1,Rural,5000,0,Jupiter,"Loans, Rent sharing, No bank account",Medium
5,20,Female,Tier 2,Rural,7000,1,Splitwise,"Loans, Rent sharing, No bank account",High
6,19,Non-binary,Tier 1,Urban,2000,1,Jupiter,"Tracking expenses, Overspending, Emergency funds",Low
7,19,Non-binary,Tier 2,Urban,7000,0,Cred,"Lack of tools, Parental dependency, Side income",High
8,19,Female,Tier 2,Rural,2000,0,Splitwise,"Loans, Rent sharing, No bank account",Low
9,23,Female,Tier 3,Rural,2000,0,Jupiter,"Peer pressure spending, No financial knowledge, Saving",Low
10,18,Male,Tier 2,Urban,3000,1,Cred,"Budgeting, Saving, Loans",Medium
11,23,Male,Tier 2,Rural,5000,0,Walnut,"Budgeting, Saving, Loans",Medium
12,23,Female,Tier 3,Semi-urban,2000,0,Splitwise,"Peer pressure spending, No financial knowledge, Saving",Low
13,22,Female,Tier 1,Rural,3000,0,Jupiter,"Peer pressure spending, No financial knowledge, Saving",Medium
14,18,Male,Tier 2,Rural,6000,0,Cred,"Peer pressure spending, No financial knowledge, Saving",Medium
15,22,Female,Tier 3,Semi-urban,3000,0,Walnut,"Lack of tools, Parental dependency, Side income",Medium
16,21,Non-binary,Tier 1,Urban,6000,1,Splitwise,"Budgeting, Saving, Loans",Medium
17,18,Non-binary,Tier 2,Rural,7000,1,Walnut,"Lack of tools, Parental dependency, Side income",High
18,18,Non-binary,Tier 2,Urban,5000,1,NoApp,"Loans, Rent sharing, No bank account",Medium
19,18,Female,Tier 2,Urban,2000,0,Splitwise,"Budgeting, Saving, Loans",Low
20,19,Female,Tier 1,Rural,2000,0,Cred,"Peer pressure spending, No financial knowledge, Saving",Low
21,19,Male,Tier 1,Rural,7000,0,Cred,"Lack of tools, Parental dependency, Side income",High
22,22,Female,Tier 2,Urban,4000,0,Splitwise,"Tracking expenses, Overspending, Emergency funds",Medium
23,22,Female,Tier 2,Rural,8000,0,NoApp,"Budgeting, Saving, Loans",High
24,18,Male,Tier 1,Rural,2000,1,Splitwise,"Peer pressure spending, No financial knowledge, Saving",Low
25,22,Female,Tier 3,Urban,8000,1,Jupiter,"Peer pressure spending, No financial knowledge, Saving",High
26,19,Male,Tier 1,Urban,5000,0,Cred,"Loans, Rent sharing, No bank account",Medium
27,23,Female,Tier 3,Semi-urban,7000,1,Walnut,"Lack of tools, Parental dependency, Side income",High
28,23,Female,Tier 3,Rural,3000,0,Cred,"Loans, Rent sharing, No bank account",Medium
29,23,Female,Tier 3,Semi-urban,5000,0,NoApp,"Tracking expenses, Overspending, Emergency funds",Medium
30,22,Female,Tier 2,Urban,2000,0,Splitwise,"Tracking expenses, Overspending, Emergency funds",Low
31,21,Non-binary,Tier 2,Rural,3000,1,Cred,"Loans, Rent sharing, No bank account",Medium
32,19,Non-binary,Tier 3,Urban,5000,1,Jupiter,"Budgeting, Saving, Loans",Medium
33,21,Female,Tier 3,Rural,2000,1,NoApp,"Budgeting, Saving, Loans",Low
34,22,Non-binary,Tier 3,Rural,7000,0,NoApp,"Loans, Rent sharing, No bank account",High
35,20,Male,Tier 1,Semi-urban,8000,0,Walnut,"Loans, Rent sharing, No bank account",High
36,24,Non-binary,Tier 2,Urban,2000,1,Cred,"Budgeting, Saving, Loans",Low
37,24,Male,Tier 3,Rural,2000,1,Splitwise,"Lack of tools, Parental dependency, Side income",Low
38,18,Male,Tier 3,Semi-urban,4000,1,NoApp,"Loans, Rent sharing, No bank account",Medium
39,24,Male,Tier 1,Urban,4000,1,Jupiter,"Peer pressure spending, No financial knowledge, Saving",Medium
40,24,Non-binary,Tier 2,Semi-urban,4000,1,Jupiter,"Lack of tools, Parental dependency, Side income",Medium
41,19,Female,Tier 3,Urban,3000,1,Splitwise,"Loans, Rent sharing, No bank account",Medium
42,23,Female,Tier 2,Rural,5000,1,Jupiter,"Peer pressure spending, No financial knowledge, Saving",Medium
43,21,Non-binary,Tier 3,Semi-urban,8000,1,Walnut,"Peer pressure spending, No financial knowledge, Saving",High
44,20,Male,Tier 1,Semi-urban,8000,0,Splitwise,"Loans, Rent sharing, No bank account",High
45,20,Non-binary,Tier 1,Rural,8000,1,Jupiter,"Loans, Rent sharing, No bank account",High
46,19,Female,Tier 2,Urban,8000,0,Walnut,"Loans, Rent sharing, No bank account",High
47,19,Non-binary,Tier 1,Rural,3000,1,Jupiter,"Peer pressure spending, No financial knowledge, Saving",Medium
48,24,Non-binary,Tier 2,Semi-urban,7000,0,Cred,"Tracking expenses, Overspending, Emergency funds",High
49,20,Female,Tier 3,Rural,7000,0,Splitwise,"Loans, Rent sharing, No bank account",High
50,18,Female,Tier 1,Semi-urban,3000,0,Jupiter,"Loans, Rent sharing, No bank account",Medium
51,18,Male,Tier 3,Rural,2000,0,Jupiter,"Lack of tools, Parental dependency, Side income",Low
52,21,Male,Tier 3,Urban,6000,1,Walnut,"Loans, Rent sharing, No bank account",Medium
53,18,Female,Tier 1,Semi-urban,6000,1,Cred,"Lack of tools, Parental dependency, Side income",Medium
54,20,Male,Tier 1,Semi-urban,2000,1,Cred,"Lack of tools, Parental dependency, Side income",Low
55,24,Female,Tier 1,Urban,6000,0,Walnut,"Tracking expenses, Overspending, Emergency funds",Medium
56,20,Non-binary,Tier 3,Rural,7000,0,Cred,"Loans, Rent sharing, No bank account",High
57,22,Male,Tier 2,Urban,3000,0,Jupiter,"Tracking expenses, Overspending, Emergency funds",Medium
58,20,Female,Tier 2,Rural,5000,1,Jupiter,"Peer pressure spending, No financial knowledge, Saving",Medium
59,24,Non-binary,Tier 3,Urban,4000,0,Cred,"Tracking expenses, Overspending, Emergency funds",Medium
60,18,Non-binary,Tier 3,Urban,7000,0,Jupiter,"Budgeting, Saving, Loans",High
61,23,Female,Tier 3,Semi-urban,3000,0,Cred,"Budgeting, Saving, Loans",Medium
62,21,Female,Tier 1,Semi-urban,7000,1,Walnut,"Budgeting, Saving, Loans",High
63,22,Non-binary,Tier 2,Rural,7000,0,Splitwise,"Lack of tools, Parental dependency, Side income",High
64,18,Non-binary,Tier 2,Urban,3000,1,Walnut,"Budgeting, Saving, Loans",Medium
65,21,Female,Tier 2,Rural,5000,0,Splitwise,"Tracking expenses, Overspending, Emergency funds",Medium
66,18,Female,Tier 2,Urban,6000,1,Walnut,"Loans, Rent sharing, No bank account",Medium
67,22,Non-binary,Tier 2,Urban,7000,0,NoApp,"Lack of tools, Parental dependency, Side income",High
68,20,Non-binary,Tier 2,Semi-urban,5000,1,Jupiter,"Lack of tools, Parental dependency, Side income",Medium
69,24,Female,Tier 3,Urban,8000,1,Walnut,"Budgeting, Saving, Loans",High
70,23,Female,Tier 3,Semi-urban,3000,1,Splitwise,"Peer pressure spending, No financial knowledge, Saving",Medium
71,22,Non-binary,Tier 1,Semi-urban,2000,1,Cred,"Peer pressure spending, No financial knowledge, Saving",Low
72,24,Female,Tier 3,Urban,2000,1,Cred,"Loans, Rent sharing, No bank account",Low
73,20,Female,Tier 3,Urban,3000,1,Walnut,"Tracking expenses, Overspending, Emergency funds",Medium
74,22,Female,Tier 2,Rural,8000,0,Walnut,"Budgeting, Saving, Loans",High
75,19,Female,Tier 1,Rural,2000,0,Walnut,"Tracking expenses, Overspending, Emergency funds",Low
76,23,Male,Tier 2,Rural,6000,1,Cred,"Peer pressure spending, No financial knowledge, Saving",Medium
77,18,Male,Tier 1,Semi-urban,7000,1,NoApp,"Peer pressure spending, No financial knowledge, Saving",High
78,18,Non-binary,Tier 3,Semi-urban,5000,0,Walnut,"Budgeting, Saving, Loans",Medium
79,23,Male,Tier 3,Semi-urban,4000,1,Cred,"Peer pressure spending, No financial knowledge, Saving",Medium
80,19,Female,Tier 2,Semi-urban,5000,1,Cred,"Peer pressure spending, No financial knowledge, Saving",Medium
81,24,Male,Tier 2,Semi-urban,4000,1,Walnut,"Loans, Rent sharing, No bank account",Medium
82,20,Non-binary,Tier 2,Semi-urban,8000,1,Splitwise,"Loans, Rent sharing, No bank account",High
83,18,Non-binary,Tier 3,Urban,3000,0,Splitwise,"Peer pressure spending, No financial knowledge, Saving",Medium
84,24,Non-binary,Tier 3,Rural,3000,0,Jupiter,"Budgeting, Saving, Loans",Medium
85,19,Male,Tier 3,Rural,4000,0,Cred,"Budgeting, Saving, Loans",Medium
86,24,Male,Tier 1,Rural,7000,0,Jupiter,"Peer pressure spending, No financial knowledge, Saving",High
87,18,Male,Tier 2,Urban,2000,0,Jupiter,"Peer pressure spending, No financial knowledge, Saving",Low
88,21,Non-binary,Tier 1,Rural,3000,0,Splitwise,"Lack of tools, Parental dependency, Side income",Medium
89,20,Female,Tier 3,Semi-urban,6000,0,Splitwise,"Loans, Rent sharing, No bank account",Medium
90,21,Female,Tier 3,Urban,6000,0,NoApp,"Loans, Rent sharing, No bank account",Medium
91,23,Non-binary,Tier 1,Urban,6000,1,Cred,"Budgeting, Saving, Loans",Medium
92,24,Non-binary,Tier 2,Rural,7000,0,NoApp,"Tracking expenses, Overspending, Emergency funds",High
93,20,Non-binary,Tier 2,Semi-urban,6000,0,Walnut,"Tracking expenses, Overspending, Emergency funds",Medium
94,19,Non-binary,Tier 3,Rural,4000,0,NoApp,"Peer pressure spending, No financial knowledge, Saving",Medium
95,20,Female,Tier 3,Urban,8000,1,Walnut,"Peer pressure spending, No financial knowledge, Saving",High
96,20,Male,Tier 3,Rural,7000,1,Jupiter,"Lack of tools, Parental dependency, Side income",High
97,19,Male,Tier 2,Urban,2000,0,Cred,"Lack of tools, Parental dependency, Side income",Low
98,23,Female,Tier 1,Urban,8000,0,NoApp,"Budgeting, Saving, Loans",High
99,20,Male,Tier 3,Urban,8000,0,Cred,"Tracking expenses, Overspending, Emergency funds",High
100,23,Female,Tier 3,Semi-urban,7000,1,Jupiter,"Lack of tools, Parental dependency, Side income",High
101,23,Male,Tier 1,Semi-urban,4000,0,Jupiter,"Tracking expenses, Overspending, Emergency funds",Medium
102,23,Female,Tier 2,Rural,3000,1,Jupiter,"Lack of tools, Parental dependency, Side income",Medium
103,18,Male,Tier 3,Rural,6000,0,Jupiter,"Loans, Rent sharing, No bank account",Medium
104,22,Non-binary,Tier 2,Rural,6000,0,Splitwise,"Peer pressure spending, No financial knowledge, Saving",Medium
105,23,Non-binary,Tier 3,Semi-urban,6000,0,Splitwise,"Lack of tools, Parental dependency, Side income",Medium
106,19,Male,Tier 2,Rural,3000,0,Jupiter,"Lack of tools, Parental dependency, Side income",Medium
107,22,Female,Tier 1,Semi-urban,7000,0,Jupiter,"Budgeting, Saving, Loans",High
108,23,Male,Tier 3,Urban,5000,0,NoApp,"Loans, Rent sharing, No bank account",Medium
109,19,Male,Tier 3,Urban,4000,1,Cred,"Peer pressure spending, No financial knowledge, Saving",Medium
110,19,Non-binary,Tier 3,Semi-urban,7000,1,NoApp,"Loans, Rent sharing, No bank account",High
111,21,Female,Tier 3,Semi-urban,2000,1,Jupiter,"Peer pressure spending, No financial knowledge, Saving",Low
112,21,Non-binary,Tier 3,Urban,8000,1,Splitwise,"Loans, Rent sharing, No bank account",High
113,20,Male,Tier 1,Semi-urban,8000,0,Walnut,"Loans, Rent sharing, No bank account",High
114,23,Non-binary,Tier 3,Urban,3000,0,Splitwise,"Budgeting, Saving, Loans",Medium
115,23,Female,Tier 3,Rural,5000,1,Splitwise,"Tracking expenses, Overspending, Emergency funds",Medium
116,22,Male,Tier 2,Urban,5000,1,Splitwise,"Loans, Rent sharing, No bank account",Medium
117,19,Male,Tier 3,Urban,2000,0,Walnut,"Peer pressure spending, No financial knowledge, Saving",Low
118,23,Non-binary,Tier 2,Rural,3000,0,Jupiter,"Peer pressure spending, No financial knowledge, Saving",Medium
119,20,Female,Tier 1,Semi-urban,5000,0,Jupiter,"Budgeting, Saving, Loans",Medium
120,24,Female,Tier 2,Rural,7000,0,Jupiter,"Tracking expenses, Overspending, Emergency funds",High
121,24,Female,Tier 2,Urban,6000,0,Splitwise,"Peer pressure spending, No financial knowledge, Saving",Medium
122,24,Female,Tier 1,Urban,2000,0,Cred,"Budgeting, Saving, Loans",Low
123,18,Female,Tier 1,Urban,6000,1,Cred,"Peer pressure spending, No financial knowledge, Saving",Medium
124,19,Male,Tier 2,Urban,2000,1,NoApp,"Lack of tools, Parental dependency, Side income",Low
125,24,Male,Tier 2,Urban,4000,0,Cred,"Loans, Rent sharing, No bank account",Medium
126,18,Female,Tier 1,Rural,4000,1,Splitwise,"Tracking expenses, Overspending, Emergency funds",Medium
127,24,Female,Tier 1,Urban,3000,0,Jupiter,"Loans, Rent sharing, No bank account",Medium
128,20,Male,Tier 1,Semi-urban,5000,0,Cred,"Loans, Rent sharing, No bank account",Medium
129,21,Male,Tier 1,Rural,8000,0,Walnut,"Lack of tools, Parental dependency, Side income",High
130,20,Female,Tier 1,Rural,8000,1,Walnut,"Tracking expenses, Overspending, Emergency funds",High
131,18,Female,Tier 2,Rural,6000,1,Jupiter,"Loans, Rent sharing, No bank account",Medium
132,19,Male,Tier 1,Urban,5000,0,Cred,"Budgeting, Saving, Loans",Medium
133,22,Non-binary,Tier 3,Urban,4000,1,Splitwise,"Peer pressure spending, No financial knowledge, Saving",Medium
134,23,Non-binary,Tier 3,Rural,6000,0,Splitwise,"Peer pressure spending, No financial knowledge, Saving",Medium
135,20,Non-binary,Tier 3,Urban,7000,1,Cred,"Budgeting, Saving, Loans",High
136,19,Male,Tier 3,Semi-urban,3000,0,NoApp,"Peer pressure spending, No financial knowledge, Saving",Medium
137,23,Male,Tier 1,Semi-urban,8000,1,NoApp,"Lack of tools, Parental dependency, Side income",High
138,21,Male,Tier 3,Urban,5000,0,Walnut,"Budgeting, Saving, Loans",Medium
139,21,Non-binary,Tier 2,Rural,8000,1,Jupiter,"Lack of tools, Parental dependency, Side income",High
140,23,Female,Tier 3,Urban,2000,1,Walnut,"Tracking expenses, Overspending, Emergency funds",Low
141,21,Male,Tier 1,Urban,2000,0,Jupiter,"Peer pressure spending, No financial knowledge, Saving",Low
142,19,Male,Tier 3,Urban,6000,1,Jupiter,"Lack of tools, Parental dependency, Side income",Medium
143,20,Male,Tier 2,Rural,2000,0,Jupiter,"Peer pressure spending, No financial knowledge, Saving",Low
144,19,Non-binary,Tier 1,Semi-urban,2000,0,Jupiter,"Tracking expenses, Overspending, Emergency funds",Low
145,19,Female,Tier 1,Urban,4000,0,Splitwise,"Loans, Rent sharing, No bank account",Medium
146,23,Non-binary,Tier 1,Rural,3000,0,Cred,"Peer pressure spending, No financial knowledge, Saving",Medium
147,22,Non-binary,Tier 3,Rural,2000,0,Jupiter,"Tracking expenses, Overspending, Emergency funds",Low
148,22,Non-binary,Tier 3,Semi-urban,2000,0,Cred,"Budgeting, Saving, Loans",Low
149,20,Male,Tier 1,Rural,8000,0,Jupiter,"Peer pressure spending, No financial knowledge, Saving",High
150,23,Non-binary,Tier 3,Rural,5000,1,Splitwise,"Budgeting, Saving, Loans",Medium
151,22,Female,Tier 2,Rural,6000,0,Splitwise,"Tracking expenses, Overspending, Emergency funds",Medium
152,21,Female,Tier 1,Semi-urban,4000,1,Cred,"Budgeting, Saving, Loans",Medium
153,22,Female,Tier 2,Urban,7000,1,Cred,"Lack of tools, Parental dependency, Side income",High
154,21,Female,Tier 2,Semi-urban,7000,0,Walnut,"Loans, Rent sharing, No bank account",High
155,20,Non-binary,Tier 3,Urban,6000,1,Walnut,"Budgeting, Saving, Loans",Medium
156,19,Female,Tier 3,Rural,8000,1,NoApp,"Lack of tools, Parental dependency, Side income",High
157,19,Female,Tier 1,Rural,5000,0,Walnut,"Loans, Rent sharing, No bank account",Medium
158,22,Non-binary,Tier 2,Urban,5000,0,Walnut,"Tracking expenses, Overspending, Emergency funds",Medium
159,21,Non-binary,Tier 3,Semi-urban,7000,0,Jupiter,"Tracking expenses, Overspending, Emergency funds",High
160,18,Male,Tier 2,Semi-urban,5000,1,NoApp,"Peer pressure spending, No financial knowledge, Saving",Medium
161,24,Non-binary,Tier 3,Semi-urban,2000,1,Walnut,"Lack of tools, Parental dependency, Side income",Low
162,18,Non-binary,Tier 2,Urban,7000,1,Walnut,"Loans, Rent sharing, No bank account",High
163,24,Male,Tier 1,Rural,6000,1,Cred,"Peer pressure spending, No financial knowledge, Saving",Medium
164,18,Male,Tier 3,Rural,6000,0,NoApp,"Peer pressure spending, No financial knowledge, Saving",Medium
165,19,Non-binary,Tier 1,Rural,6000,0,NoApp,"Tracking expenses, Overspending, Emergency funds",Medium
166,23,Male,Tier 2,Urban,3000,0,NoApp,"Budgeting, Saving, Loans",Medium
167,19,Female,Tier 2,Rural,4000,1,Cred,"Loans, Rent sharing, No bank account",Medium
168,24,Non-binary,Tier 1,Rural,2000,0,Splitwise,"Tracking expenses, Overspending, Emergency funds",Low
169,23,Male,Tier 2,Semi-urban,4000,1,NoApp,"Tracking expenses, Overspending, Emergency funds",Medium
170,21,Male,Tier 3,Rural,2000,1,NoApp,"Budgeting, Saving, Loans",Low
171,22,Male,Tier 3,Semi-urban,6000,0,Cred,"Lack of tools, Parental dependency, Side income",Medium
172,18,Male,Tier 2,Urban,3000,0,Splitwise,"Lack of tools, Parental dependency, Side income",Medium
173,21,Non-binary,Tier 2,Semi-urban,8000,1,NoApp,"Loans, Rent sharing, No bank account",High
174,21,Male,Tier 2,Rural,3000,0,NoApp,"Budgeting, Saving, Loans",Medium
175,22,Male,Tier 2,Rural,6000,1,Jupiter,"Budgeting, Saving, Loans",Medium
176,21,Male,Tier 3,Semi-urban,4000,1,Splitwise,"Peer pressure spending, No financial knowledge, Saving",Medium
177,22,Female,Tier 3,Rural,5000,0,Walnut,"Budgeting, Saving, Loans",Medium
178,20,Female,Tier 2,Semi-urban,6000,0,NoApp,"Loans, Rent sharing, No bank account",Medium
179,22,Non-binary,Tier 1,Rural,7000,1,Cred,"Budgeting, Saving, Loans",High
180,24,Non-binary,Tier 1,Semi-urban,8000,1,Jupiter,"Peer pressure spending, No financial knowledge, Saving",High
181,18,Female,Tier 3,Semi-urban,8000,1,Walnut,"Lack of tools, Parental dependency, Side income",High
182,23,Female,Tier 1,Urban,7000,0,Walnut,"Budgeting, Saving, Loans",High
183,23,Male,Tier 2,Semi-urban,7000,1,Jupiter,"Budgeting, Saving, Loans",High
184,18,Male,Tier 1,Semi-urban,7000,1,Cred,"Loans, Rent sharing, No bank account",High
185,23,Female,Tier 3,Urban,2000,0,Walnut,"Peer pressure spending, No financial knowledge, Saving",Low
186,22,Non-binary,Tier 2,Rural,4000,0,Walnut,"Budgeting, Saving, Loans",Medium
187,24,Female,Tier 2,Semi-urban,7000,0,Splitwise,"Loans, Rent sharing, No bank account",High
188,20,Non-binary,Tier 3,Urban,5000,0,Walnut,"Peer pressure spending, No financial knowledge, Saving",Medium
189,24,Female,Tier 1,Urban,7000,0,NoApp,"Tracking expenses, Overspending, Emergency funds",High
190,23,Male,Tier 3,Semi-urban,8000,0,NoApp,"Peer pressure spending, No financial knowledge, Saving",High
191,20,Non-binary,Tier 3,Rural,3000,1,Jupiter,"Tracking expenses, Overspending, Emergency funds",Medium
192,18,Male,Tier 1,Urban,2000,1,Jupiter,"Tracking expenses, Overspending, Emergency funds",Low
193,20,Female,Tier 2,Semi-urban,3000,1,Cred,"Peer pressure spending, No financial knowledge, Saving",Medium
194,21,Non-binary,Tier 1,Urban,2000,0,Cred,"Peer pressure spending, No financial knowledge, Saving",Low
195,19,Non-binary,Tier 1,Rural,5000,1,Splitwise,"Loans, Rent sharing, No bank account",Medium
196,21,Non-binary,Tier 2,Semi-urban,2000,0,Jupiter,"Peer pressure spending, No financial knowledge, Saving",Low
197,18,Male,Tier 2,Semi-urban,5000,1,Splitwise,"Lack of tools, Parental dependency, Side income",Medium
198,23,Female,Tier 3,Rural,6000,1,Cred,"Budgeting, Saving, Loans",Medium
199,23,Male,Tier 1,Rural,6000,1,Walnut,"Peer pressure spending, No financial knowledge, Saving",Medium
200,20,Non-binary,Tier 2,Urban,2000,1,Splitwise,"Tracking expenses, Overspending, Emergency funds",Low
201,22,Male,Tier 1,Semi-urban,4000,1,Walnut,"Tracking expenses, Overspending, Emergency funds",Medium
202,24,Non-binary,Tier 1,Urban,7000,0,Splitwise,"Peer pressure spending, No financial knowledge, Saving",High
203,19,Male,Tier 2,Semi-urban,7000,0,Splitwise,"Budgeting, Saving, Loans",High
204,22,Female,Tier 2,Urban,7000,1,Cred,"Budgeting, Saving, Loans",High
205,18,Male,Tier 1,Semi-urban,7000,1,Splitwise,"Loans, Rent sharing, No bank account",High
206,24,Male,Tier 2,Rural,3000,0,Cred,"Loans, Rent sharing, No bank account",Medium
207,23,Male,Tier 1,Urban,2000,0,Splitwise,"Loans, Rent sharing, No bank account",Low
208,20,Male,Tier 2,Semi-urban,2000,1,Splitwise,"Budgeting, Saving, Loans",Low
209,24,Female,Tier 3,Semi-urban,7000,1,Jupiter,"Tracking expenses, Overspending, Emergency funds",High
210,23,Non-binary,Tier 2,Urban,3000,1,Jupiter,"Loans, Rent sharing, No bank account",Medium
211,22,Non-binary,Tier 1,Rural,7000,0,Cred,"Peer pressure spending, No financial knowledge, Saving",High
212,22,Non-binary,Tier 2,Rural,2000,0,Splitwise,"Loans, Rent sharing, No bank account",Low
213,19,Female,Tier 1,Urban,3000,0,Walnut,"Peer pressure spending, No financial knowledge, Saving",Medium
214,19,Female,Tier 2,Urban,5000,0,NoApp,"Peer pressure spending, No financial knowledge, Saving",Medium
215,20,Male,Tier 1,Semi-urban,4000,0,Cred,"Tracking expenses, Overspending, Emergency funds",Medium
216,24,Female,Tier 1,Semi-urban,6000,1,Jupiter,"Peer pressure spending, No financial knowledge, Saving",Medium
217,19,Non-binary,Tier 2,Rural,6000,0,Jupiter,"Loans, Rent sharing, No bank account",Medium
218,22,Female,Tier 1,Rural,8000,0,Cred,"Tracking expenses, Overspending, Emergency funds",High
219,24,Non-binary,Tier 3,Rural,8000,0,Jupiter,"Tracking expenses, Overspending, Emergency funds",High
220,22,Female,Tier 3,Urban,7000,1,Walnut,"Budgeting, Saving, Loans",High
221,18,Female,Tier 2,Urban,4000,1,Jupiter,"Peer pressure spending, No financial knowledge, Saving",Medium
222,22,Non-binary,Tier 1,Urban,3000,0,NoApp,"Loans, Rent sharing, No bank account",Medium
223,20,Non-binary,Tier 1,Rural,4000,1,NoApp,"Peer pressure spending, No financial knowledge, Saving",Medium
224,21,Female,Tier 1,Rural,3000,1,Splitwise,"Loans, Rent sharing, No bank account",Medium
225,18,Female,Tier 2,Rural,7000,1,Walnut,"Lack of tools, Parental dependency, Side income",High
226,18,Male,Tier 2,Rural,8000,1,Jupiter,"Budgeting, Saving, Loans",High
227,20,Non-binary,Tier 3,Urban,8000,1,Jupiter,"Tracking expenses, Overspending, Emergency funds",High
228,24,Male,Tier 1,Semi-urban,4000,1,Cred,"Budgeting, Saving, Loans",Medium
229,24,Female,Tier 3,Urban,7000,1,Splitwise,"Lack of tools, Parental dependency, Side income",High
230,20,Non-binary,Tier 2,Semi-urban,2000,1,NoApp,"Budgeting, Saving, Loans",Low
231,19,Female,Tier 2,Semi-urban,8000,0,Cred,"Budgeting, Saving, Loans",High
232,18,Non-binary,Tier 3,Urban,2000,1,Cred,"Lack of tools, Parental dependency, Side income",Low
233,19,Female,Tier 1,Urban,4000,0,Jupiter,"Budgeting, Saving, Loans",Medium
234,22,Male,Tier 1,Urban,8000,0,NoApp,"Budgeting, Saving, Loans",High
235,18,Male,Tier 1,Rural,5000,1,Cred,"Lack of tools, Parental dependency, Side income",Medium
236,18,Male,Tier 2,Urban,4000,1,Jupiter,"Lack of tools, Parental dependency, Side income",Medium
237,23,Non-binary,Tier 1,Rural,6000,1,Splitwise,"Tracking expenses, Overspending, Emergency funds",Medium
238,21,Non-binary,Tier 1,Semi-urban,2000,1,Walnut,"Loans, Rent sharing, No bank account",Low
239,24,Non-binary,Tier 3,Urban,4000,1,NoApp,"Loans, Rent sharing, No bank account",Medium
240,18,Male,Tier 3,Rural,7000,1,Splitwise,"Lack of tools, Parental dependency, Side income",High
241,24,Non-binary,Tier 3,Rural,6000,0,Jupiter,"Loans, Rent sharing, No bank account",Medium
242,22,Female,Tier 3,Rural,7000,0,Walnut,"Peer pressure spending, No financial knowledge, Saving",High
243,24,Non-binary,Tier 2,Urban,2000,0,Cred,"Peer pressure spending, No financial knowledge, Saving",Low
244,19,Male,Tier 1,Semi-urban,5000,1,Splitwise,"Peer pressure spending, No financial knowledge, Saving",Medium
245,19,Male,Tier 2,Urban,5000,0,Cred,"Tracking expenses, Overspending, Emergency funds",Medium
246,23,Female,Tier 1,Rural,6000,0,Cred,"Loans, Rent sharing, No bank account",Medium
247,21,Non-binary,Tier 2,Semi-urban,4000,1,Walnut,"Budgeting, Saving, Loans",Medium
248,22,Non-binary,Tier 1,Semi-urban,2000,1,Walnut,"Lack of tools, Parental dependency, Side income",Low
249,19,Female,Tier 1,Semi-urban,5000,1,Cred,"Loans, Rent sharing, No bank account",Medium
250,20,Female,Tier 1,Semi-urban,8000,0,Cred,"Tracking expenses, Overspending, Emergency funds",High
251,22,Male,Tier 2,Rural,6000,0,Walnut,"Budgeting, Saving, Loans",Medium
252,24,Non-binary,Tier 3,Rural,3000,1,Jupiter,"Lack of tools, Parental dependency, Side income",Medium
253,22,Female,Tier 3,Semi-urban,4000,0,NoApp,"Budgeting, Saving, Loans",Medium
254,21,Non-binary,Tier 2,Semi-urban,3000,1,Cred,"Lack of tools, Parental dependency, Side income",Medium
255,19,Female,Tier 1,Semi-urban,4000,0,Walnut,"Peer pressure spending, No financial knowledge, Saving",Medium
256,22,Male,Tier 1,Semi-urban,8000,1,Splitwise,"Lack of tools, Parental dependency, Side income",High
257,24,Female,Tier 2,Rural,2000,1,Splitwise,"Lack of tools, Parental dependency, Side income",Low
258,23,Female,Tier 3,Semi-urban,6000,0,Jupiter,"Tracking expenses, Overspending, Emergency funds",Medium
259,23,Female,Tier 3,Semi-urban,7000,1,Jupiter,"Tracking expenses, Overspending, Emergency funds",High
260,19,Female,Tier 1,Urban,7000,1,Splitwise,"Tracking expenses, Overspending, Emergency funds",High
261,23,Female,Tier 3,Rural,2000,0,Jupiter,"Loans, Rent sharing, No bank account",Low
262,20,Non-binary,Tier 3,Semi-urban,3000,1,Cred,"Peer pressure spending, No financial knowledge, Saving",Medium
263,21,Male,Tier 3,Semi-urban,7000,1,Walnut,"Peer pressure spending, No financial knowledge, Saving",High
264,23,Male,Tier 1,Urban,6000,0,NoApp,"Lack of tools, Parental dependency, Side income",Medium
265,23,Female,Tier 3,Semi-urban,2000,1,Walnut,"Tracking expenses, Overspending, Emergency funds",Low
266,20,Female,Tier 1,Semi-urban,2000,0,Walnut,"Peer pressure spending, No financial knowledge, Saving",Low
267,21,Non-binary,Tier 2,Semi-urban,8000,0,Jupiter,"Peer pressure spending, No financial knowledge, Saving",High
268,22,Female,Tier 2,Urban,8000,0,NoApp,"Lack of tools, Parental dependency, Side income",High
269,21,Female,Tier 1,Rural,2000,1,Cred,"Lack of tools, Parental dependency, Side income",Low
270,18,Non-binary,Tier 3,Urban,3000,1,Splitwise,"Budgeting, Saving, Loans",Medium
271,19,Female,Tier 2,Rural,2000,0,Cred,"Budgeting, Saving, Loans",Low
272,19,Non-binary,Tier 1,Urban,5000,1,Jupiter,"Lack of tools, Parental dependency, Side income",Medium
273,18,Male,Tier 3,Urban,4000,0,Splitwise,"Budgeting, Saving, Loans",Medium
274,20,Female,Tier 2,Semi-urban,5000,0,Cred,"Peer pressure spending, No financial knowledge, Saving",Medium
275,18,Male,Tier 1,Rural,3000,1,Walnut,"Lack of tools, Parental dependency, Side income",Medium
276,22,Female,Tier 3,Rural,3000,1,Jupiter,"Lack of tools, Parental dependency, Side income",Medium
277,22,Female,Tier 3,Rural,8000,1,NoApp,"Tracking expenses, Overspending, Emergency funds",High
278,19,Female,Tier 1,Rural,2000,1,Walnut,"Peer pressure spending, No financial knowledge, Saving",Low
279,22,Male,Tier 3,Semi-urban,6000,1,NoApp,"Peer pressure spending, No financial knowledge, Saving",Medium
280,19,Female,Tier 2,Semi-urban,8000,0,Splitwise,"Loans, Rent sharing, No bank account",High
281,18,Non-binary,Tier 1,Urban,7000,1,NoApp,"Loans, Rent sharing, No bank account",High
282,18,Male,Tier 3,Urban,7000,1,Walnut,"Tracking expenses, Overspending, Emergency funds",High
283,23,Non-binary,Tier 3,Semi-urban,7000,1,NoApp,"Loans, Rent sharing, No bank account",High
284,23,Non-binary,Tier 3,Urban,5000,1,Jupiter,"Budgeting, Saving, Loans",Medium
285,18,Female,Tier 3,Semi-urban,3000,0,Jupiter,"Lack of tools, Parental dependency, Side income",Medium
286,19,Female,Tier 3,Rural,4000,1,Walnut,"Budgeting, Saving, Loans",Medium
287,18,Male,Tier 1,Urban,3000,0,Cred,"Peer pressure spending, No financial knowledge, Saving",Medium
288,18,Male,Tier 2,Semi-urban,5000,0,NoApp,"Loans, Rent sharing, No bank account",Medium
289,24,Non-binary,Tier 2,Rural,7000,0,Walnut,"Budgeting, Saving, Loans",High
290,20,Female,Tier 1,Rural,4000,0,NoApp,"Peer pressure spending, No financial knowledge, Saving",Medium
291,18,Non-binary,Tier 3,Rural,4000,1,Walnut,"Loans, Rent sharing, No bank account",Medium
292,22,Female,Tier 2,Semi-urban,8000,1,NoApp,"Lack of tools, Parental dependency, Side income",High
293,19,Non-binary,Tier 2,Semi-urban,2000,1,Cred,"Lack of tools, Parental dependency, Side income",Low
294,20,Female,Tier 2,Semi-urban,6000,1,Walnut,"Loans, Rent sharing, No bank account",Medium
295,23,Male,Tier 3,Rural,4000,0,Jupiter,"Lack of tools, Parental dependency, Side income",Medium
296,21,Male,Tier 1,Rural,2000,0,Cred,"Tracking expenses, Overspending, Emergency funds",Low
297,19,Female,Tier 2,Rural,6000,0,Jupiter,"Loans, Rent sharing, No bank account",Medium
298,22,Non-binary,Tier 1,Semi-urban,7000,0,Cred,"Tracking expenses, Overspending, Emergency funds",High
299,19,Male,Tier 2,Semi-urban,2000,1,Jupiter,"Loans, Rent sharing, No bank account",Low
300,23,Female,Tier 1,Urban,3000,1,Cred,"Tracking expenses, Overspending, Emergency funds",Medium
301,22,Female,Tier 3,Rural,3000,1,NoApp,"Lack of tools, Parental dependency, Side income",Medium
302,22,Non-binary,Tier 3,Semi-urban,8000,1,Jupiter,"Lack of tools, Parental dependency, Side income",High
303,21,Female,Tier 3,Urban,6000,1,NoApp,"Budgeting, Saving, Loans",Medium
304,19,Male,Tier 1,Urban,2000,1,Walnut,"Peer pressure spending, No financial knowledge, Saving",Low
305,24,Male,Tier 3,Rural,5000,0,NoApp,"Tracking expenses, Overspending, Emergency funds",Medium
306,21,Non-binary,Tier 3,Rural,2000,0,Jupiter,"Loans, Rent sharing, No bank account",Low
307,24,Non-binary,Tier 2,Semi-urban,5000,0,Cred,"Lack of tools, Parental dependency, Side income",Medium
308,21,Male,Tier 1,Urban,8000,0,NoApp,"Lack of tools, Parental dependency, Side income",High
309,19,Non-binary,Tier 1,Rural,4000,1,Splitwise,"Loans, Rent sharing, No bank account",Medium
310,18,Male,Tier 2,Rural,8000,0,Cred,"Peer pressure spending, No financial knowledge, Saving",High
311,18,Female,Tier 3,Urban,8000,0,Walnut,"Loans, Rent sharing, No bank account",High
312,23,Non-binary,Tier 2,Rural,4000,1,Walnut,"Tracking expenses, Overspending, Emergency funds",Medium
313,21,Male,Tier 3,Urban,4000,1,Jupiter,"Tracking expenses, Overspending, Emergency funds",Medium
314,20,Non-binary,Tier 1,Urban,2000,0,Cred,"Budgeting, Saving, Loans",Low
315,21,Female,Tier 3,Rural,6000,0,NoApp,"Loans, Rent sharing, No bank account",Medium
316,21,Male,Tier 2,Urban,5000,0,NoApp,"Lack of tools, Parental dependency, Side income",Medium
317,21,Male,Tier 3,Urban,2000,0,Walnut,"Budgeting, Saving, Loans",Low
318,24,Male,Tier 2,Semi-urban,4000,0,Cred,"Loans, Rent sharing, No bank account",Medium
319,23,Female,Tier 3,Urban,3000,0,Cred,"Loans, Rent sharing, No bank account",Medium
320,18,Male,Tier 1,Rural,4000,0,Walnut,"Lack of tools, Parental dependency, Side income",Medium
321,23,Non-binary,Tier 1,Urban,6000,1,NoApp,"Peer pressure spending, No financial knowledge, Saving",Medium
322,23,Male,Tier 1,Urban,8000,1,Walnut,"Loans, Rent sharing, No bank account",High
323,23,Female,Tier 3,Rural,4000,1,Cred,"Budgeting, Saving, Loans",Medium
324,18,Non-binary,Tier 2,Urban,7000,1,NoApp,"Lack of tools, Parental dependency, Side income",High
325,18,Female,Tier 1,Urban,6000,1,Splitwise,"Tracking expenses, Overspending, Emergency funds",Medium
326,21,Non-binary,Tier 2,Urban,3000,1,Walnut,"Peer pressure spending, No financial knowledge, Saving",Medium
327,23,Non-binary,Tier 1,Rural,5000,0,Cred,"Lack of tools, Parental dependency, Side income",Medium
328,20,Female,Tier 1,Semi-urban,4000,0,Cred,"Budgeting, Saving, Loans",Medium
329,24,Female,Tier 1,Semi-urban,6000,0,Jupiter,"Loans, Rent sharing, No bank account",Medium
330,24,Female,Tier 1,Urban,5000,1,Jupiter,"Budgeting, Saving, Loans",Medium
331,18,Female,Tier 2,Rural,8000,0,Walnut,"Loans, Rent sharing, No bank account",High
332,19,Male,Tier 2,Rural,8000,0,NoApp,"Lack of tools, Parental dependency, Side income",High
333,19,Female,Tier 3,Rural,3000,1,Splitwise,"Peer pressure spending, No financial knowledge, Saving",Medium
334,19,Non-binary,Tier 2,Rural,7000,1,Splitwise,"Lack of tools, Parental dependency, Side income",High
335,22,Male,Tier 3,Semi-urban,6000,0,NoApp,"Budgeting, Saving, Loans",Medium
336,21,Female,Tier 2,Rural,8000,0,Jupiter,"Budgeting, Saving, Loans",High
337,19,Male,Tier 2,Semi-urban,8000,1,Cred,"Tracking expenses, Overspending, Emergency funds",High
338,21,Non-binary,Tier 1,Urban,3000,0,Jupiter,"Tracking expenses, Overspending, Emergency funds",Medium
339,19,Non-binary,Tier 3,Urban,3000,0,Walnut,"Loans, Rent sharing, No bank account",Medium
340,20,Non-binary,Tier 1,Rural,2000,1,Jupiter,"Budgeting, Saving, Loans",Low
341,21,Male,Tier 2,Rural,5000,1,NoApp,"Tracking expenses, Overspending, Emergency funds",Medium
342,19,Male,Tier 2,Semi-urban,2000,0,Walnut,"Tracking expenses, Overspending, Emergency funds",Low
343,24,Female,Tier 1,Urban,3000,0,NoApp,"Lack of tools, Parental dependency, Side income",Medium
344,18,Female,Tier 3,Urban,6000,1,Walnut,"Loans, Rent sharing, No bank account",Medium
345,21,Female,Tier 2,Rural,4000,1,Cred,"Peer pressure spending, No financial knowledge, Saving",Medium
346,24,Non-binary,Tier 2,Rural,7000,0,Jupiter,"Lack of tools, Parental dependency, Side income",High
347,24,Female,Tier 1,Semi-urban,8000,1,NoApp,"Loans, Rent sharing, No bank account",High
348,24,Male,Tier 2,Rural,7000,0,Walnut,"Loans, Rent sharing, No bank account",High
349,22,Female,Tier 2,Semi-urban,2000,1,Jupiter,"Lack of tools, Parental dependency, Side income",Low
350,18,Non-binary,Tier 2,Urban,4000,0,Splitwise,"Tracking expenses, Overspending, Emergency funds",Medium
351,18,Female,Tier 3,Rural,2000,0,NoApp,"Tracking expenses, Overspending, Emergency funds",Low
352,23,Non-binary,Tier 2,Rural,8000,0,Cred,"Peer pressure spending, No financial knowledge, Saving",High
353,22,Non-binary,Tier 2,Rural,7000,1,Walnut,"Peer pressure spending, No financial knowledge, Saving",High
354,24,Non-binary,Tier 2,Semi-urban,5000,1,NoApp,"Loans, Rent sharing, No bank account",Medium
355,18,Female,Tier 1,Urban,8000,1,NoApp,"Peer pressure spending, No financial knowledge, Saving",High
356,18,Male,Tier 2,Urban,7000,1,Splitwise,"Lack of tools, Parental dependency, Side income",High
357,24,Female,Tier 3,Urban,7000,0,Cred,"Peer pressure spending, No financial knowledge, Saving",High
358,24,Non-binary,Tier 2,Rural,4000,0,Splitwise,"Budgeting, Saving, Loans",Medium
359,19,Female,Tier 2,Urban,2000,1,Walnut,"Loans, Rent sharing, No bank account",Low
360,19,Female,Tier 3,Urban,3000,1,Jupiter,"Budgeting, Saving, Loans",Medium
361,21,Female,Tier 2,Urban,6000,0,NoApp,"Loans, Rent sharing, No bank account",Medium
362,21,Non-binary,Tier 1,Rural,3000,0,Walnut,"Loans, Rent sharing, No bank account",Medium
363,21,Non-binary,Tier 3,Rural,5000,1,Walnut,"Lack of tools, Parental dependency, Side income",Medium
364,19,Female,Tier 2,Semi-urban,5000,0,Cred,"Tracking expenses, Overspending, Emergency funds",Medium
365,24,Female,Tier 1,Semi-urban,2000,0,NoApp,"Peer pressure spending, No financial knowledge, Saving",Low
366,21,Female,Tier 2,Semi-urban,3000,1,Splitwise,"Budgeting, Saving, Loans",Medium
367,18,Male,Tier 3,Semi-urban,7000,1,Jupiter,"Peer pressure spending, No financial knowledge, Saving",High
368,19,Non-binary,Tier 1,Urban,4000,0,NoApp,"Loans, Rent sharing, No bank account",Medium
369,21,Male,Tier 3,Semi-urban,2000,0,NoApp,"Budgeting, Saving, Loans",Low
370,18,Non-binary,Tier 2,Semi-urban,2000,1,Jupiter,"Budgeting, Saving, Loans",Low
371,21,Female,Tier 2,Semi-urban,3000,1,Walnut,"Loans, Rent sharing, No bank account",Medium
372,20,Male,Tier 1,Rural,8000,0,Splitwise,"Peer pressure spending, No financial knowledge, Saving",High
373,24,Female,Tier 1,Urban,6000,0,NoApp,"Budgeting, Saving, Loans",Medium
374,24,Male,Tier 2,Rural,5000,0,Walnut,"Peer pressure spending, No financial knowledge, Saving",Medium
375,21,Female,Tier 3,Urban,7000,1,Cred,"Budgeting, Saving, Loans",High
376,20,Non-binary,Tier 2,Semi-urban,4000,0,Walnut,"Tracking expenses, Overspending, Emergency funds",Medium
377,21,Female,Tier 2,Rural,5000,0,Jupiter,"Lack of tools, Parental dependency, Side income",Medium
378,23,Non-binary,Tier 2,Urban,7000,0,Splitwise,"Loans, Rent sharing, No bank account",High
379,23,Female,Tier 3,Rural,2000,1,Jupiter,"Lack of tools, Parental dependency, Side income",Low
380,24,Female,Tier 3,Rural,6000,0,Cred,"Peer pressure spending, No financial knowledge, Saving",Medium
381,22,Non-binary,Tier 2,Urban,2000,1,Walnut,"Lack of tools, Parental dependency, Side income",Low
382,23,Non-binary,Tier 1,Urban,6000,1,NoApp,"Lack of tools, Parental dependency, Side income",Medium
383,23,Male,Tier 3,Semi-urban,3000,0,Cred,"Lack of tools, Parental dependency, Side income",Medium
384,21,Female,Tier 2,Semi-urban,7000,0,Jupiter,"Lack of tools, Parental dependency, Side income",High
385,19,Male,Tier 2,Semi-urban,8000,1,Walnut,"Loans, Rent sharing, No bank account",High
386,19,Male,Tier 2,Rural,5000,1,Jupiter,"Tracking expenses, Overspending, Emergency funds",Medium
387,20,Non-binary,Tier 1,Semi-urban,2000,1,NoApp,"Tracking expenses, Overspending, Emergency funds",Low
388,19,Non-binary,Tier 3,Urban,6000,0,Cred,"Lack of tools, Parental dependency, Side income",Medium
389,18,Female,Tier 2,Rural,6000,1,Cred,"Tracking expenses, Overspending, Emergency funds",Medium
390,22,Male,Tier 3,Urban,2000,0,Splitwise,"Tracking expenses, Overspending, Emergency funds",Low
391,23,Female,Tier 2,Rural,5000,0,Jupiter,"Loans, Rent sharing, No bank account",Medium
392,22,Male,Tier 2,Urban,7000,0,Splitwise,"Lack of tools, Parental dependency, Side income",High
393,18,Non-binary,Tier 3,Urban,3000,1,Cred,"Peer pressure spending, No financial knowledge, Saving",Medium
394,23,Female,Tier 1,Semi-urban,3000,1,Walnut,"Lack of tools, Parental dependency, Side income",Medium
395,20,Male,Tier 1,Semi-urban,4000,0,Splitwise,"Tracking expenses, Overspending, Emergency funds",Medium
396,18,Non-binary,Tier 3,Rural,4000,0,Walnut,"Peer pressure spending, No financial knowledge, Saving",Medium
397,18,Male,Tier 3,Semi-urban,8000,0,Splitwise,"Tracking expenses, Overspending, Emergency funds",High
398,22,Female,Tier 2,Rural,4000,0,Jupiter,"Tracking expenses, Overspending, Emergency funds",Medium
399,21,Non-binary,Tier 2,Urban,8000,0,Jupiter,"Budgeting, Saving, Loans",High
400,22,Male,Tier 3,Rural,5000,1,Cred,"Budgeting, Saving, Loans",Medium
401,24,Male,Tier 3,Urban,7000,1,Jupiter,"Budgeting, Saving, Loans",High
402,22,Female,Tier 3,Urban,8000,1,Splitwise,"Tracking expenses, Overspending, Emergency funds",High
403,19,Female,Tier 1,Urban,7000,1,Splitwise,"Lack of tools, Parental dependency, Side income",High
404,18,Female,Tier 1,Rural,4000,0,Walnut,"Lack of tools, Parental dependency, Side income",Medium
405,22,Non-binary,Tier 1,Rural,4000,0,NoApp,"Tracking expenses, Overspending, Emergency funds",Medium
406,18,Non-binary,Tier 3,Semi-urban,5000,0,Splitwise,"Budgeting, Saving, Loans",Medium
407,24,Female,Tier 3,Semi-urban,4000,0,Walnut,"Tracking expenses, Overspending, Emergency funds",Medium
408,19,Non-binary,Tier 2,Urban,3000,1,Cred,"Lack of tools, Parental dependency, Side income",Medium
409,18,Male,Tier 1,Urban,2000,1,Jupiter,"Lack of tools, Parental dependency, Side income",Low
410,22,Female,Tier 1,Rural,3000,1,Jupiter,"Loans, Rent sharing, No bank account",Medium
411,18,Non-binary,Tier 1,Semi-urban,3000,0,Splitwise,"Lack of tools, Parental dependency, Side income",Medium
412,23,Non-binary,Tier 1,Rural,8000,1,Jupiter,"Loans, Rent sharing, No bank account",High
413,24,Female,Tier 3,Rural,8000,0,Cred,"Tracking expenses, Overspending, Emergency funds",High
414,19,Female,Tier 2,Rural,6000,1,NoApp,"Lack of tools, Parental dependency, Side income",Medium
415,21,Non-binary,Tier 2,Urban,2000,0,Splitwise,"Loans, Rent sharing, No bank account",Low
416,18,Non-binary,Tier 2,Urban,3000,1,Cred,"Lack of tools, Parental dependency, Side income",Medium
417,22,Female,Tier 3,Semi-urban,2000,1,Walnut,"Loans, Rent sharing, No bank account",Low
418,19,Non-binary,Tier 1,Urban,3000,1,NoApp,"Lack of tools, Parental dependency, Side income",Medium
419,22,Male,Tier 3,Urban,5000,0,Splitwise,"Lack of tools, Parental dependency, Side income",Medium
420,22,Non-binary,Tier 1,Rural,5000,1,Jupiter,"Peer pressure spending, No financial knowledge, Saving",Medium
421,18,Male,Tier 3,Urban,4000,0,Splitwise,"Tracking expenses, Overspending, Emergency funds",Medium
422,22,Male,Tier 2,Rural,5000,1,Walnut,"Tracking expenses, Overspending, Emergency funds",Medium
423,18,Non-binary,Tier 2,Semi-urban,2000,0,Jupiter,"Lack of tools, Parental dependency, Side income",Low
424,21,Non-binary,Tier 2,Urban,6000,1,NoApp,"Loans, Rent sharing, No bank account",Medium
425,23,Female,Tier 2,Semi-urban,4000,0,Splitwise,"Budgeting, Saving, Loans",Medium
426,22,Male,Tier 1,Urban,8000,1,Cred,"Loans, Rent sharing, No bank account",High
427,22,Non-binary,Tier 3,Rural,3000,1,Walnut,"Lack of tools, Parental dependency, Side income",Medium
428,22,Male,Tier 1,Urban,5000,0,Splitwise,"Tracking expenses, Overspending, Emergency funds",Medium
429,20,Female,Tier 3,Rural,4000,0,Cred,"Loans, Rent sharing, No bank account",Medium
430,20,Male,Tier 2,Semi-urban,5000,1,Splitwise,"Peer pressure spending, No financial knowledge, Saving",Medium
431,19,Non-binary,Tier 2,Rural,4000,0,Walnut,"Lack of tools, Parental dependency, Side income",Medium
432,23,Non-binary,Tier 2,Rural,8000,1,Splitwise,"Loans, Rent sharing, No bank account",High
433,23,Male,Tier 3,Semi-urban,2000,1,Jupiter,"Loans, Rent sharing, No bank account",Low
434,20,Female,Tier 2,Semi-urban,2000,0,Jupiter,"Peer pressure spending, No financial knowledge, Saving",Low
435,19,Male,Tier 1,Rural,3000,0,Cred,"Budgeting, Saving, Loans",Medium
436,20,Non-binary,Tier 1,Urban,8000,1,Jupiter,"Budgeting, Saving, Loans",High
437,21,Female,Tier 1,Rural,7000,1,NoApp,"Loans, Rent sharing, No bank account",High
438,19,Male,Tier 3,Rural,4000,1,NoApp,"Lack of tools, Parental dependency, Side income",Medium
439,23,Male,Tier 1,Urban,8000,1,Splitwise,"Peer pressure spending, No financial knowledge, Saving",High
440,23,Female,Tier 2,Rural,7000,0,NoApp,"Budgeting, Saving, Loans",High
441,20,Male,Tier 3,Rural,7000,0,NoApp,"Loans, Rent sharing, No bank account",High
442,21,Female,Tier 2,Semi-urban,6000,0,Walnut,"Lack of tools, Parental dependency, Side income",Medium
443,20,Female,Tier 3,Urban,2000,0,Walnut,"Budgeting, Saving, Loans",Low
444,24,Female,Tier 1,Urban,3000,1,NoApp,"Tracking expenses, Overspending, Emergency funds",Medium
445,18,Female,Tier 2,Semi-urban,8000,0,Walnut,"Loans, Rent sharing, No bank account",High
446,18,Male,Tier 2,Urban,8000,0,NoApp,"Peer pressure spending, No financial knowledge, Saving",High
447,21,Male,Tier 3,Urban,4000,0,Cred,"Lack of tools, Parental dependency, Side income",Medium
448,22,Non-binary,Tier 2,Semi-urban,3000,0,Walnut,"Loans, Rent sharing, No bank account",Medium
449,22,Female,Tier 1,Rural,2000,0,NoApp,"Budgeting, Saving, Loans",Low
450,18,Non-binary,Tier 3,Rural,7000,1,NoApp,"Loans, Rent sharing, No bank account",High
451,18,Non-binary,Tier 2,Rural,3000,1,Splitwise,"Loans, Rent sharing, No bank account",Medium
452,22,Male,Tier 3,Semi-urban,4000,0,Cred,"Budgeting, Saving, Loans",Medium
453,19,Male,Tier 2,Semi-urban,5000,0,Cred,"Tracking expenses, Overspending, Emergency funds",Medium
454,22,Male,Tier 1,Urban,6000,0,Splitwise,"Lack of tools, Parental dependency, Side income",Medium
455,20,Male,Tier 1,Rural,2000,1,Splitwise,"Budgeting, Saving, Loans",Low
456,19,Non-binary,Tier 1,Semi-urban,7000,1,Splitwise,"Loans, Rent sharing, No bank account",High
457,20,Female,Tier 1,Semi-urban,4000,1,Jupiter,"Loans, Rent sharing, No bank account",Medium
458,18,Non-binary,Tier 2,Semi-urban,4000,0,NoApp,"Peer pressure spending, No financial knowledge, Saving",Medium
459,19,Non-binary,Tier 1,Urban,8000,0,Jupiter,"Loans, Rent sharing, No bank account",High
460,20,Male,Tier 3,Semi-urban,3000,1,Walnut,"Budgeting, Saving, Loans",Medium
461,20,Female,Tier 2,Rural,2000,1,Splitwise,"Peer pressure spending, No financial knowledge, Saving",Low
462,19,Non-binary,Tier 1,Semi-urban,5000,0,NoApp,"Loans, Rent sharing, No bank account",Medium
463,21,Male,Tier 3,Semi-urban,8000,1,NoApp,"Budgeting, Saving, Loans",High
464,24,Male,Tier 2,Urban,5000,0,Walnut,"Lack of tools, Parental dependency, Side income",Medium
465,22,Female,Tier 3,Rural,6000,0,Cred,"Lack of tools, Parental dependency, Side income",Medium
466,23,Non-binary,Tier 2,Rural,7000,0,NoApp,"Loans, Rent sharing, No bank account",High
467,20,Female,Tier 3,Rural,6000,0,Cred,"Lack of tools, Parental dependency, Side income",Medium
468,22,Female,Tier 1,Semi-urban,3000,0,NoApp,"Loans, Rent sharing, No bank account",Medium
469,24,Female,Tier 3,Urban,2000,1,Jupiter,"Peer pressure spending, No financial knowledge, Saving",Low
470,23,Non-binary,Tier 3,Rural,5000,1,Splitwise,"Lack of tools, Parental dependency, Side income",Medium
471,22,Male,Tier 2,Semi-urban,2000,1,Cred,"Peer pressure spending, No financial knowledge, Saving",Low
472,18,Female,Tier 2,Urban,8000,0,Jupiter,"Peer pressure spending, No financial knowledge, Saving",High
473,23,Female,Tier 1,Rural,8000,1,NoApp,"Peer pressure spending, No financial knowledge, Saving",High
474,24,Non-binary,Tier 3,Urban,3000,1,Splitwise,"Tracking expenses, Overspending, Emergency funds",Medium
475,22,Non-binary,Tier 3,Urban,2000,1,Jupiter,"Budgeting, Saving, Loans",Low
476,20,Male,Tier 3,Semi-urban,2000,1,Splitwise,"Loans, Rent sharing, No bank account",Low
477,23,Male,Tier 3,Urban,2000,0,NoApp,"Peer pressure spending, No financial knowledge, Saving",Low
478,18,Female,Tier 1,Semi-urban,8000,1,NoApp,"Loans, Rent sharing, No bank account",High
479,19,Female,Tier 2,Rural,8000,0,Jupiter,"Peer pressure spending, No financial knowledge, Saving",High
480,20,Non-binary,Tier 3,Rural,3000,0,NoApp,"Budgeting, Saving, Loans",Medium
481,18,Female,Tier 1,Urban,3000,1,Walnut,"Lack of tools, Parental dependency, Side income",Medium
482,18,Non-binary,Tier 1,Rural,3000,1,Splitwise,"Loans, Rent sharing, No bank account",Medium
483,23,Female,Tier 1,Semi-urban,8000,0,NoApp,"Tracking expenses, Overspending, Emergency funds",High
484,22,Non-binary,Tier 1,Semi-urban,5000,1,NoApp,"Loans, Rent sharing, No bank account",Medium
485,19,Female,Tier 1,Semi-urban,4000,1,Walnut,"Budgeting, Saving, Loans",Medium
486,20,Female,Tier 2,Urban,7000,0,Splitwise,"Peer pressure spending, No financial knowledge, Saving",High
487,20,Female,Tier 1,Urban,7000,0,Cred,"Loans, Rent sharing, No bank account",High
488,22,Male,Tier 2,Urban,7000,1,Walnut,"Budgeting, Saving, Loans",High
489,19,Female,Tier 3,Semi-urban,2000,1,Walnut,"Peer pressure spending, No financial knowledge, Saving",Low
490,23,Female,Tier 3,Semi-urban,6000,0,Splitwise,"Lack of tools, Parental dependency, Side income",Medium
491,20,Male,Tier 2,Semi-urban,6000,1,Walnut,"Budgeting, Saving, Loans",Medium
492,19,Male,Tier 2,Semi-urban,4000,0,Splitwise,"Tracking expenses, Overspending, Emergency funds",Medium
493,23,Female,Tier 3,Urban,8000,1,Walnut,"Loans, Rent sharing, No bank account",High
494,23,Non-binary,Tier 1,Urban,2000,0,Splitwise,"Budgeting, Saving, Loans",Low
495,24,Female,Tier 3,Urban,2000,0,Splitwise,"Peer pressure spending, No financial knowledge, Saving",Low
496,20,Non-binary,Tier 1,Urban,2000,0,Cred,"Peer pressure spending, No financial knowledge, Saving",Low
497,22,Female,Tier 1,Semi-urban,3000,0,NoApp,"Tracking expenses, Overspending, Emergency funds",Medium
498,21,Non-binary,Tier 2,Semi-urban,7000,1,Splitwise,"Loans, Rent sharing, No bank account",High
499,20,Female,Tier 2,Rural,5000,1,Jupiter,"Peer pressure spending, No financial knowledge, Saving",Medium
500,24,Male,Tier 3,Rural,8000,0,Cred,"Peer pressure spending, No financial knowledge, Saving",High
501,18,Non-binary,Tier 3,Rural,3000,1,Cred,"Peer pressure spending, No financial knowledge, Saving",Medium
502,18,Female,Tier 2,Semi-urban,2000,0,NoApp,"Budgeting, Saving, Loans",Low
503,23,Female,Tier 3,Urban,8000,1,Walnut,"Budgeting, Saving, Loans",High
504,21,Male,Tier 2,Urban,8000,0,Walnut,"Loans, Rent sharing, No bank account",High
505,24,Non-binary,Tier 2,Urban,8000,1,Splitwise,"Tracking expenses, Overspending, Emergency funds",High
506,20,Non-binary,Tier 3,Semi-urban,4000,1,Cred,"Loans, Rent sharing, No bank account",Medium
507,18,Non-binary,Tier 1,Rural,2000,0,Splitwise,"Tracking expenses, Overspending, Emergency funds",Low
508,18,Male,Tier 1,Urban,2000,0,Jupiter,"Lack of tools, Parental dependency, Side income",Low
509,20,Non-binary,Tier 2,Rural,5000,1,Walnut,"Peer pressure spending, No financial knowledge, Saving",Medium
510,24,Non-binary,Tier 3,Rural,2000,1,Splitwise,"Tracking expenses, Overspending, Emergency funds",Low
511,19,Female,Tier 1,Semi-urban,3000,1,Splitwise,"Peer pressure spending, No financial knowledge, Saving",Medium
512,23,Female,Tier 2,Semi-urban,6000,1,Cred,"Tracking expenses, Overspending, Emergency funds",Medium
513,20,Male,Tier 2,Urban,5000,1,Jupiter,"Lack of tools, Parental dependency, Side income",Medium
514,19,Non-binary,Tier 3,Semi-urban,8000,0,Jupiter,"Tracking expenses, Overspending, Emergency funds",High
515,23,Female,Tier 3,Semi-urban,7000,1,Splitwise,"Loans, Rent sharing, No bank account",High
516,21,Male,Tier 2,Semi-urban,5000,0,Jupiter,"Budgeting, Saving, Loans",Medium
517,22,Non-binary,Tier 1,Urban,5000,0,Jupiter,"Peer pressure spending, No financial knowledge, Saving",Medium
518,23,Male,Tier 3,Rural,2000,0,Cred,"Budgeting, Saving, Loans",Low
519,21,Non-binary,Tier 3,Rural,5000,1,Cred,"Tracking expenses, Overspending, Emergency funds",Medium
520,22,Female,Tier 3,Urban,7000,1,Jupiter,"Loans, Rent sharing, No bank account",High
521,18,Non-binary,Tier 1,Rural,5000,0,Splitwise,"Tracking expenses, Overspending, Emergency funds",Medium
522,18,Non-binary,Tier 1,Rural,3000,1,Walnut,"Lack of tools, Parental dependency, Side income",Medium
523,18,Non-binary,Tier 2,Urban,4000,0,Splitwise,"Lack of tools, Parental dependency, Side income",Medium
524,23,Non-binary,Tier 3,Rural,3000,0,Splitwise,"Lack of tools, Parental dependency, Side income",Medium
525,19,Male,Tier 1,Semi-urban,3000,1,Walnut,"Tracking expenses, Overspending, Emergency funds",Medium
526,22,Non-binary,Tier 1,Urban,4000,1,Cred,"Lack of tools, Parental dependency, Side income",Medium
527,18,Male,Tier 3,Urban,4000,1,Splitwise,"Tracking expenses, Overspending, Emergency funds",Medium
528,24,Non-binary,Tier 1,Semi-urban,5000,0,Jupiter,"Tracking expenses, Overspending, Emergency funds",Medium
529,20,Non-binary,Tier 2,Semi-urban,3000,1,Jupiter,"Loans, Rent sharing, No bank account",Medium
530,22,Male,Tier 1,Semi-urban,2000,0,Cred,"Peer pressure spending, No financial knowledge, Saving",Low
531,22,Female,Tier 1,Semi-urban,6000,0,Cred,"Budgeting, Saving, Loans",Medium
532,19,Female,Tier 2,Urban,6000,0,Cred,"Peer pressure spending, No financial knowledge, Saving",Medium
533,21,Male,Tier 3,Urban,6000,1,NoApp,"Budgeting, Saving, Loans",Medium
534,19,Non-binary,Tier 1,Urban,3000,0,NoApp,"Budgeting, Saving, Loans",Medium
535,18,Female,Tier 2,Semi-urban,7000,1,Jupiter,"Tracking expenses, Overspending, Emergency funds",High
536,20,Non-binary,Tier 3,Semi-urban,4000,1,Splitwise,"Lack of tools, Parental dependency, Side income",Medium
537,20,Male,Tier 2,Semi-urban,5000,1,NoApp,"Lack of tools, Parental dependency, Side income",Medium
538,24,Male,Tier 1,Semi-urban,5000,1,Splitwise,"Lack of tools, Parental dependency, Side income",Medium
539,24,Female,Tier 2,Semi-urban,6000,0,Walnut,"Peer pressure spending, No financial knowledge, Saving",Medium
540,18,Female,Tier 1,Urban,5000,0,Jupiter,"Lack of tools, Parental dependency, Side income",Medium
541,20,Non-binary,Tier 3,Semi-urban,2000,1,NoApp,"Loans, Rent sharing, No bank account",Low
542,19,Female,Tier 3,Semi-urban,2000,0,Jupiter,"Tracking expenses, Overspending, Emergency funds",Low
543,23,Male,Tier 2,Urban,4000,1,Walnut,"Lack of tools, Parental dependency, Side income",Medium
544,19,Male,Tier 1,Rural,5000,1,Walnut,"Lack of tools, Parental dependency, Side income",Medium
545,23,Male,Tier 3,Rural,3000,0,Jupiter,"Lack of tools, Parental dependency, Side income",Medium
546,18,Non-binary,Tier 2,Semi-urban,5000,0,NoApp,"Peer pressure spending, No financial knowledge, Saving",Medium
547,20,Female,Tier 3,Rural,3000,0,Jupiter,"Tracking expenses, Overspending, Emergency funds",Medium
548,24,Non-binary,Tier 3,Rural,7000,0,Splitwise,"Loans, Rent sharing, No bank account",High
549,22,Non-binary,Tier 1,Urban,8000,1,Splitwise,"Lack of tools, Parental dependency, Side income",High
550,24,Female,Tier 3,Semi-urban,6000,0,Splitwise,"Budgeting, Saving, Loans",Medium
551,21,Male,Tier 3,Urban,3000,1,Splitwise,"Peer pressure spending, No financial knowledge, Saving",Medium
552,22,Female,Tier 1,Urban,7000,1,Splitwise,"Lack of tools, Parental dependency, Side income",High
553,23,Female,Tier 3,Semi-urban,8000,0,Walnut,"Lack of tools, Parental dependency, Side income",High
554,19,Female,Tier 3,Urban,6000,0,NoApp,"Peer pressure spending, No financial knowledge, Saving",Medium
555,19,Non-binary,Tier 1,Semi-urban,8000,1,NoApp,"Loans, Rent sharing, No bank account",High
556,24,Female,Tier 1,Semi-urban,2000,1,Cred,"Budgeting, Saving, Loans",Low
557,19,Male,Tier 3,Rural,5000,1,Jupiter,"Budgeting, Saving, Loans",Medium
558,24,Female,Tier 3,Semi-urban,8000,0,Walnut,"Loans, Rent sharing, No bank account",High
559,24,Male,Tier 3,Semi-urban,7000,0,Walnut,"Peer pressure spending, No financial knowledge, Saving",High
560,19,Male,Tier 3,Semi-urban,4000,1,Jupiter,"Lack of tools, Parental dependency, Side income",Medium
561,21,Male,Tier 2,Semi-urban,5000,0,Jupiter,"Loans, Rent sharing, No bank account",Medium
562,18,Non-binary,Tier 3,Semi-urban,6000,0,Splitwise,"Peer pressure spending, No financial knowledge, Saving",Medium
563,19,Non-binary,Tier 1,Rural,8000,0,Walnut,"Peer pressure spending, No financial knowledge, Saving",High
564,23,Non-binary,Tier 1,Rural,5000,1,Walnut,"Peer pressure spending, No financial knowledge, Saving",Medium
565,20,Female,Tier 1,Urban,4000,0,Jupiter,"Peer pressure spending, No financial knowledge, Saving",Medium
566,24,Non-binary,Tier 1,Semi-urban,6000,0,Jupiter,"Budgeting, Saving, Loans",Medium
567,21,Female,Tier 3,Semi-urban,6000,0,NoApp,"Peer pressure spending, No financial knowledge, Saving",Medium
568,24,Male,Tier 3,Rural,4000,1,Splitwise,"Loans, Rent sharing, No bank account",Medium
569,23,Female,Tier 2,Rural,5000,0,Cred,"Lack of tools, Parental dependency, Side income",Medium
570,24,Male,Tier 3,Urban,4000,1,Splitwise,"Lack of tools, Parental dependency, Side income",Medium
571,23,Female,Tier 1,Semi-urban,3000,0,Walnut,"Tracking expenses, Overspending, Emergency funds",Medium
572,24,Non-binary,Tier 3,Semi-urban,2000,1,NoApp,"Loans, Rent sharing, No bank account",Low
573,19,Male,Tier 2,Urban,4000,1,Jupiter,"Tracking expenses, Overspending, Emergency funds",Medium
574,20,Female,Tier 3,Semi-urban,6000,1,Cred,"Loans, Rent sharing, No bank account",Medium
575,19,Female,Tier 3,Semi-urban,3000,1,Walnut,"Peer pressure spending, No financial knowledge, Saving",Medium
576,24,Non-binary,Tier 1,Semi-urban,2000,1,Cred,"Tracking expenses, Overspending, Emergency funds",Low
577,23,Non-binary,Tier 2,Rural,8000,1,Splitwise,"Peer pressure spending, No financial knowledge, Saving",High
578,18,Non-binary,Tier 3,Rural,8000,1,NoApp,"Loans, Rent sharing, No bank account",High
579,21,Female,Tier 3,Rural,4000,0,Splitwise,"Budgeting, Saving, Loans",Medium
580,24,Non-binary,Tier 2,Semi-urban,2000,1,Jupiter,"Budgeting, Saving, Loans",Low
581,18,Female,Tier 3,Rural,8000,1,NoApp,"Budgeting, Saving, Loans",High
582,24,Non-binary,Tier 2,Urban,5000,0,Splitwise,"Budgeting, Saving, Loans",Medium
583,21,Female,Tier 2,Semi-urban,6000,1,Cred,"Lack of tools, Parental dependency, Side income",Medium
584,19,Male,Tier 1,Semi-urban,4000,1,NoApp,"Budgeting, Saving, Loans",Medium
585,19,Non-binary,Tier 3,Semi-urban,8000,1,NoApp,"Loans, Rent sharing, No bank account",High
586,24,Male,Tier 2,Semi-urban,6000,0,Jupiter,"Budgeting, Saving, Loans",Medium
587,21,Female,Tier 2,Semi-urban,3000,0,Jupiter,"Lack of tools, Parental dependency, Side income",Medium
588,20,Male,Tier 2,Urban,3000,1,Cred,"Peer pressure spending, No financial knowledge, Saving",Medium
589,20,Non-binary,Tier 1,Rural,2000,1,Cred,"Tracking expenses, Overspending, Emergency funds",Low
590,24,Non-binary,Tier 3,Urban,3000,1,NoApp,"Peer pressure spending, No financial knowledge, Saving",Medium
591,24,Female,Tier 1,Rural,7000,1,Walnut,"Peer pressure spending, No financial knowledge, Saving",High
592,24,Non-binary,Tier 1,Rural,3000,1,Splitwise,"Tracking expenses, Overspending, Emergency funds",Medium
593,19,Male,Tier 2,Urban,4000,0,NoApp,"Budgeting, Saving, Loans",Medium
594,19,Non-binary,Tier 2,Rural,6000,1,Cred,"Budgeting, Saving, Loans",Medium
595,18,Male,Tier 2,Rural,8000,1,NoApp,"Loans, Rent sharing, No bank account",High
596,23,Non-binary,Tier 2,Urban,8000,0,Jupiter,"Budgeting, Saving, Loans",High
597,19,Female,Tier 1,Rural,7000,0,Splitwise,"Budgeting, Saving, Loans",High
598,21,Non-binary,Tier 2,Semi-urban,2000,0,NoApp,"Loans, Rent sharing, No bank account",Low
599,20,Female,Tier 3,Rural,8000,0,Jupiter,"Tracking expenses, Overspending, Emergency funds",High
600,20,Non-binary,Tier 1,Urban,3000,0,Splitwise,"Loans, Rent sharing, No bank account",Medium
601,24,Female,Tier 2,Semi-urban,6000,0,Splitwise,"Budgeting, Saving, Loans",Medium
602,18,Male,Tier 3,Semi-urban,8000,0,Walnut,"Budgeting, Saving, Loans",High
603,24,Male,Tier 2,Rural,8000,1,Jupiter,"Budgeting, Saving, Loans",High
604,20,Male,Tier 3,Urban,5000,0,Splitwise,"Loans, Rent sharing, No bank account",Medium
605,20,Male,Tier 2,Semi-urban,4000,1,Walnut,"Tracking expenses, Overspending, Emergency funds",Medium
606,23,Female,Tier 2,Rural,8000,1,Walnut,"Lack of tools, Parental dependency, Side income",High
607,22,Female,Tier 1,Semi-urban,8000,1,NoApp,"Loans, Rent sharing, No bank account",High
608,21,Male,Tier 2,Urban,3000,1,Cred,"Tracking expenses, Overspending, Emergency funds",Medium
609,23,Male,Tier 3,Rural,3000,1,Cred,"Budgeting, Saving, Loans",Medium
610,24,Male,Tier 3,Semi-urban,3000,0,Splitwise,"Tracking expenses, Overspending, Emergency funds",Medium
611,22,Non-binary,Tier 1,Urban,6000,1,Splitwise,"Peer pressure spending, No financial knowledge, Saving",Medium
612,20,Male,Tier 2,Semi-urban,4000,0,Splitwise,"Peer pressure spending, No financial knowledge, Saving",Medium
613,18,Female,Tier 1,Rural,8000,0,NoApp,"Lack of tools, Parental dependency, Side income",High
614,18,Female,Tier 2,Urban,7000,1,Walnut,"Budgeting, Saving, Loans",High
615,20,Female,Tier 1,Rural,7000,0,Cred,"Lack of tools, Parental dependency, Side income",High
616,19,Non-binary,Tier 2,Semi-urban,4000,0,Jupiter,"Peer pressure spending, No financial knowledge, Saving",Medium
617,22,Non-binary,Tier 2,Semi-urban,6000,0,Cred,"Lack of tools, Parental dependency, Side income",Medium
618,20,Non-binary,Tier 1,Urban,2000,0,Walnut,"Peer pressure spending, No financial knowledge, Saving",Low
619,18,Non-binary,Tier 1,Semi-urban,7000,1,Walnut,"Peer pressure spending, No financial knowledge, Saving",High
620,18,Female,Tier 1,Rural,7000,0,Jupiter,"Tracking expenses, Overspending, Emergency funds",High
621,22,Non-binary,Tier 1,Semi-urban,4000,1,NoApp,"Budgeting, Saving, Loans",Medium
622,21,Non-binary,Tier 2,Rural,6000,1,Cred,"Peer pressure spending, No financial knowledge, Saving",Medium
623,20,Non-binary,Tier 2,Semi-urban,6000,1,Splitwise,"Budgeting, Saving, Loans",Medium
624,23,Male,Tier 3,Rural,3000,0,NoApp,"Lack of tools, Parental dependency, Side income",Medium
625,24,Female,Tier 2,Rural,6000,0,Splitwise,"Lack of tools, Parental dependency, Side income",Medium
626,20,Non-binary,Tier 1,Rural,3000,1,Cred,"Peer pressure spending, No financial knowledge, Saving",Medium
627,21,Male,Tier 1,Semi-urban,8000,0,Jupiter,"Budgeting, Saving, Loans",High
628,22,Female,Tier 2,Rural,8000,0,NoApp,"Peer pressure spending, No financial knowledge, Saving",High
629,22,Non-binary,Tier 3,Urban,5000,1,Cred,"Peer pressure spending, No financial knowledge, Saving",Medium
630,18,Female,Tier 3,Semi-urban,6000,1,Splitwise,"Tracking expenses, Overspending, Emergency funds",Medium
631,21,Female,Tier 2,Rural,4000,1,Cred,"Lack of tools, Parental dependency, Side income",Medium
632,22,Male,Tier 1,Rural,3000,1,Walnut,"Budgeting, Saving, Loans",Medium
633,19,Non-binary,Tier 1,Rural,5000,1,Walnut,"Lack of tools, Parental dependency, Side income",Medium
634,20,Female,Tier 2,Rural,2000,0,Cred,"Tracking expenses, Overspending, Emergency funds",Low
635,18,Male,Tier 3,Urban,2000,1,Splitwise,"Loans, Rent sharing, No bank account",Low
636,23,Female,Tier 2,Urban,2000,0,Walnut,"Lack of tools, Parental dependency, Side income",Low
637,21,Female,Tier 2,Urban,3000,1,Cred,"Tracking expenses, Overspending, Emergency funds",Medium
638,18,Male,Tier 2,Rural,6000,0,Cred,"Lack of tools, Parental dependency, Side income",Medium
639,22,Female,Tier 2,Rural,3000,1,Splitwise,"Budgeting, Saving, Loans",Medium
640,24,Male,Tier 1,Semi-urban,2000,0,Walnut,"Tracking expenses, Overspending, Emergency funds",Low
641,22,Non-binary,Tier 1,Urban,6000,1,Splitwise,"Loans, Rent sharing, No bank account",Medium
642,23,Female,Tier 2,Rural,5000,1,Splitwise,"Lack of tools, Parental dependency, Side income",Medium
643,23,Non-binary,Tier 3,Rural,2000,1,Splitwise,"Tracking expenses, Overspending, Emergency funds",Low
644,23,Non-binary,Tier 2,Urban,4000,1,Walnut,"Loans, Rent sharing, No bank account",Medium
645,23,Female,Tier 1,Rural,6000,0,Walnut,"Budgeting, Saving, Loans",Medium
646,23,Male,Tier 1,Rural,3000,1,NoApp,"Lack of tools, Parental dependency, Side income",Medium
647,19,Female,Tier 3,Rural,8000,1,Jupiter,"Peer pressure spending, No financial knowledge, Saving",High
648,20,Female,Tier 2,Rural,3000,1,Cred,"Budgeting, Saving, Loans",Medium
649,21,Male,Tier 1,Semi-urban,4000,1,Jupiter,"Budgeting, Saving, Loans",Medium
650,18,Male,Tier 1,Semi-urban,7000,0,Splitwise,"Budgeting, Saving, Loans",High
651,23,Female,Tier 2,Semi-urban,3000,1,NoApp,"Budgeting, Saving, Loans",Medium
652,20,Male,Tier 2,Urban,8000,0,NoApp,"Loans, Rent sharing, No bank account",High
653,22,Non-binary,Tier 3,Urban,8000,1,Cred,"Peer pressure spending, No financial knowledge, Saving",High
654,20,Male,Tier 3,Urban,8000,0,Cred,"Lack of tools, Parental dependency, Side income",High
655,23,Non-binary,Tier 3,Semi-urban,4000,1,Jupiter,"Budgeting, Saving, Loans",Medium
656,24,Non-binary,Tier 2,Urban,2000,1,Jupiter,"Lack of tools, Parental dependency, Side income",Low
657,18,Non-binary,Tier 2,Rural,2000,0,Walnut,"Tracking expenses, Overspending, Emergency funds",Low
658,23,Male,Tier 3,Rural,3000,0,Jupiter,"Budgeting, Saving, Loans",Medium
659,20,Male,Tier 1,Rural,6000,0,Jupiter,"Budgeting, Saving, Loans",Medium
660,22,Female,Tier 1,Rural,7000,1,Splitwise,"Lack of tools, Parental dependency, Side income",High
661,20,Male,Tier 2,Rural,3000,1,NoApp,"Peer pressure spending, No financial knowledge, Saving",Medium
662,23,Male,Tier 1,Rural,8000,1,Jupiter,"Tracking expenses, Overspending, Emergency funds",High
663,21,Non-binary,Tier 2,Rural,2000,0,Walnut,"Peer pressure spending, No financial knowledge, Saving",Low
664,20,Male,Tier 3,Urban,8000,1,Jupiter,"Lack of tools, Parental dependency, Side income",High
665,21,Male,Tier 2,Semi-urban,6000,1,Splitwise,"Loans, Rent sharing, No bank account",Medium
666,23,Non-binary,Tier 2,Semi-urban,8000,0,Cred,"Budgeting, Saving, Loans",High
667,20,Male,Tier 2,Semi-urban,4000,0,Splitwise,"Loans, Rent sharing, No bank account",Medium
668,22,Non-binary,Tier 1,Semi-urban,2000,0,Walnut,"Lack of tools, Parental dependency, Side income",Low
669,19,Male,Tier 2,Rural,4000,0,Cred,"Lack of tools, Parental dependency, Side income",Medium
670,19,Male,Tier 1,Rural,7000,0,NoApp,"Lack of tools, Parental dependency, Side income",High
671,21,Female,Tier 3,Rural,7000,1,Walnut,"Lack of tools, Parental dependency, Side income",High
672,23,Male,Tier 3,Rural,5000,0,Walnut,"Budgeting, Saving, Loans",Medium
673,21,Non-binary,Tier 1,Urban,6000,0,Jupiter,"Loans, Rent sharing, No bank account",Medium
674,23,Male,Tier 2,Semi-urban,2000,0,Walnut,"Tracking expenses, Overspending, Emergency funds",Low
675,23,Female,Tier 3,Urban,4000,1,NoApp,"Budgeting, Saving, Loans",Medium
676,19,Male,Tier 2,Semi-urban,4000,1,NoApp,"Lack of tools, Parental dependency, Side income",Medium
677,22,Male,Tier 1,Urban,4000,0,NoApp,"Lack of tools, Parental dependency, Side income",Medium
678,22,Non-binary,Tier 2,Semi-urban,3000,1,Walnut,"Budgeting, Saving, Loans",Medium
679,20,Female,Tier 3,Semi-urban,3000,1,Splitwise,"Loans, Rent sharing, No bank account",Medium
680,21,Male,Tier 2,Urban,7000,0,Walnut,"Loans, Rent sharing, No bank account",High
681,22,Male,Tier 3,Urban,5000,0,Jupiter,"Peer pressure spending, No financial knowledge, Saving",Medium
682,24,Non-binary,Tier 2,Rural,8000,0,NoApp,"Peer pressure spending, No financial knowledge, Saving",High
683,18,Male,Tier 3,Urban,7000,1,Jupiter,"Peer pressure spending, No financial knowledge, Saving",High
684,20,Male,Tier 3,Semi-urban,5000,0,NoApp,"Lack of tools, Parental dependency, Side income",Medium
685,20,Male,Tier 3,Semi-urban,7000,0,Jupiter,"Budgeting, Saving, Loans",High
686,19,Female,Tier 1,Semi-urban,4000,0,Cred,"Budgeting, Saving, Loans",Medium
687,21,Male,Tier 1,Semi-urban,3000,0,Cred,"Peer pressure spending, No financial knowledge, Saving",Medium
688,24,Non-binary,Tier 1,Urban,7000,0,NoApp,"Loans, Rent sharing, No bank account",High
689,22,Female,Tier 2,Rural,6000,0,Jupiter,"Peer pressure spending, No financial knowledge, Saving",Medium
690,22,Male,Tier 2,Semi-urban,7000,0,Walnut,"Budgeting, Saving, Loans",High
691,23,Male,Tier 2,Semi-urban,6000,1,Splitwise,"Lack of tools, Parental dependency, Side income",Medium
692,20,Female,Tier 3,Semi-urban,8000,1,Walnut,"Peer pressure spending, No financial knowledge, Saving",High
693,21,Male,Tier 2,Urban,4000,1,Walnut,"Tracking expenses, Overspending, Emergency funds",Medium
694,21,Male,Tier 1,Semi-urban,3000,0,Splitwise,"Tracking expenses, Overspending, Emergency funds",Medium
695,21,Non-binary,Tier 1,Rural,7000,1,Splitwise,"Loans, Rent sharing, No bank account",High
696,23,Female,Tier 3,Rural,6000,1,Jupiter,"Budgeting, Saving, Loans",Medium
697,19,Non-binary,Tier 3,Semi-urban,8000,0,Splitwise,"Lack of tools, Parental dependency, Side income",High
698,22,Male,Tier 2,Semi-urban,3000,1,Cred,"Tracking expenses, Overspending, Emergency funds",Medium
699,21,Non-binary,Tier 3,Urban,5000,1,Splitwise,"Peer pressure spending, No financial knowledge, Saving",Medium
700,24,Male,Tier 1,Semi-urban,4000,1,Walnut,"Lack of tools, Parental dependency, Side income",Medium
701,24,Female,Tier 1,Urban,7000,1,NoApp,"Budgeting, Saving, Loans",High
702,23,Female,Tier 1,Rural,7000,0,Cred,"Peer pressure spending, No financial knowledge, Saving",High
703,19,Female,Tier 1,Urban,4000,1,Splitwise,"Lack of tools, Parental dependency, Side income",Medium
704,23,Non-binary,Tier 3,Urban,3000,1,Splitwise,"Budgeting, Saving, Loans",Medium
705,18,Non-binary,Tier 2,Semi-urban,3000,0,NoApp,"Lack of tools, Parental dependency, Side income",Medium
706,20,Male,Tier 2,Rural,7000,0,Jupiter,"Tracking expenses, Overspending, Emergency funds",High
707,22,Female,Tier 3,Urban,2000,1,Walnut,"Tracking expenses, Overspending, Emergency funds",Low
708,23,Non-binary,Tier 2,Rural,7000,0,NoApp,"Budgeting, Saving, Loans",High
709,23,Male,Tier 1,Urban,6000,0,Jupiter,"Tracking expenses, Overspending, Emergency funds",Medium
710,22,Non-binary,Tier 3,Rural,5000,1,Walnut,"Budgeting, Saving, Loans",Medium
711,20,Male,Tier 3,Urban,8000,0,Splitwise,"Loans, Rent sharing, No bank account",High
712,18,Non-binary,Tier 1,Rural,8000,1,Jupiter,"Tracking expenses, Overspending, Emergency funds",High
713,24,Non-binary,Tier 2,Urban,6000,0,NoApp,"Lack of tools, Parental dependency, Side income",Medium
714,24,Non-binary,Tier 3,Rural,2000,1,Cred,"Lack of tools, Parental dependency, Side income",Low
715,19,Female,Tier 2,Urban,3000,0,NoApp,"Budgeting, Saving, Loans",Medium
716,23,Female,Tier 1,Semi-urban,6000,0,NoApp,"Loans, Rent sharing, No bank account",Medium
717,20,Non-binary,Tier 2,Rural,4000,1,Cred,"Peer pressure spending, No financial knowledge, Saving",Medium
718,19,Male,Tier 3,Semi-urban,8000,1,Jupiter,"Lack of tools, Parental dependency, Side income",High
719,24,Male,Tier 3,Semi-urban,6000,1,Jupiter,"Loans, Rent sharing, No bank account",Medium
720,19,Female,Tier 2,Urban,3000,1,NoApp,"Lack of tools, Parental dependency, Side income",Medium
721,19,Female,Tier 3,Semi-urban,7000,0,NoApp,"Budgeting, Saving, Loans",High
722,18,Female,Tier 2,Rural,6000,1,Jupiter,"Budgeting, Saving, Loans",Medium
723,18,Non-binary,Tier 3,Urban,2000,1,Cred,"Peer pressure spending, No financial knowledge, Saving",Low
724,19,Male,Tier 3,Urban,5000,1,Walnut,"Budgeting, Saving, Loans",Medium
725,21,Female,Tier 3,Rural,3000,0,Cred,"Peer pressure spending, No financial knowledge, Saving",Medium
726,22,Non-binary,Tier 2,Rural,4000,0,Splitwise,"Budgeting, Saving, Loans",Medium
727,24,Female,Tier 3,Semi-urban,7000,1,NoApp,"Lack of tools, Parental dependency, Side income",High
728,24,Male,Tier 3,Semi-urban,2000,1,Jupiter,"Budgeting, Saving, Loans",Low
729,18,Male,Tier 2,Urban,3000,0,Cred,"Tracking expenses, Overspending, Emergency funds",Medium
730,21,Female,Tier 2,Rural,4000,1,Splitwise,"Loans, Rent sharing, No bank account",Medium
731,21,Non-binary,Tier 1,Rural,4000,1,Splitwise,"Lack of tools, Parental dependency, Side income",Medium
732,23,Male,Tier 2,Urban,3000,0,NoApp,"Loans, Rent sharing, No bank account",Medium
733,22,Male,Tier 2,Semi-urban,7000,0,Walnut,"Tracking expenses, Overspending, Emergency funds",High
734,19,Male,Tier 3,Rural,2000,1,Walnut,"Loans, Rent sharing, No bank account",Low
735,23,Female,Tier 1,Semi-urban,8000,1,Splitwise,"Tracking expenses, Overspending, Emergency funds",High
736,23,Non-binary,Tier 2,Semi-urban,7000,1,Cred,"Budgeting, Saving, Loans",High
737,21,Non-binary,Tier 3,Urban,7000,0,Splitwise,"Budgeting, Saving, Loans",High
738,21,Non-binary,Tier 2,Rural,7000,0,NoApp,"Tracking expenses, Overspending, Emergency funds",High
739,21,Non-binary,Tier 3,Urban,7000,0,NoApp,"Lack of tools, Parental dependency, Side income",High
740,19,Non-binary,Tier 3,Urban,4000,0,Walnut,"Budgeting, Saving, Loans",Medium
741,19,Female,Tier 3,Semi-urban,5000,1,Splitwise,"Lack of tools, Parental dependency, Side income",Medium
742,23,Female,Tier 1,Rural,2000,1,Jupiter,"Loans, Rent sharing, No bank account",Low
743,23,Non-binary,Tier 3,Urban,4000,0,Jupiter,"Budgeting, Saving, Loans",Medium
744,18,Non-binary,Tier 2,Rural,3000,1,Cred,"Tracking expenses, Overspending, Emergency funds",Medium
745,24,Female,Tier 2,Urban,3000,0,Cred,"Tracking expenses, Overspending, Emergency funds",Medium
746,24,Female,Tier 3,Rural,7000,0,Walnut,"Budgeting, Saving, Loans",High
747,24,Non-binary,Tier 3,Urban,2000,1,NoApp,"Tracking expenses, Overspending, Emergency funds",Low
748,18,Non-binary,Tier 3,Semi-urban,4000,0,Jupiter,"Budgeting, Saving, Loans",Medium
749,24,Female,Tier 1,Semi-urban,4000,0,Jupiter,"Peer pressure spending, No financial knowledge, Saving",Medium
750,21,Male,Tier 3,Urban,8000,0,Jupiter,"Budgeting, Saving, Loans",High
751,19,Non-binary,Tier 1,Semi-urban,2000,1,Jupiter,"Lack of tools, Parental dependency, Side income",Low
752,19,Male,Tier 3,Urban,7000,0,Walnut,"Loans, Rent sharing, No bank account",High
753,24,Non-binary,Tier 2,Semi-urban,2000,0,Splitwise,"Tracking expenses, Overspending, Emergency funds",Low
754,23,Non-binary,Tier 1,Rural,2000,1,Jupiter,"Loans, Rent sharing, No bank account",Low
755,22,Non-binary,Tier 3,Semi-urban,5000,0,NoApp,"Budgeting, Saving, Loans",Medium
756,21,Non-binary,Tier 3,Rural,5000,0,Jupiter,"Budgeting, Saving, Loans",Medium
757,18,Male,Tier 3,Rural,7000,0,Cred,"Budgeting, Saving, Loans",High
758,22,Female,Tier 3,Semi-urban,5000,0,NoApp,"Lack of tools, Parental dependency, Side income",Medium
759,19,Female,Tier 2,Rural,3000,0,Splitwise,"Loans, Rent sharing, No bank account",Medium
760,24,Male,Tier 1,Semi-urban,5000,1,Jupiter,"Loans, Rent sharing, No bank account",Medium
761,18,Female,Tier 3,Rural,5000,1,Walnut,"Tracking expenses, Overspending, Emergency funds",Medium
762,21,Female,Tier 1,Semi-urban,5000,0,Walnut,"Budgeting, Saving, Loans",Medium
763,19,Female,Tier 1,Rural,4000,1,Jupiter,"Tracking expenses, Overspending, Emergency funds",Medium
764,24,Female,Tier 3,Urban,6000,1,Cred,"Lack of tools, Parental dependency, Side income",Medium
765,21,Female,Tier 3,Semi-urban,5000,1,Walnut,"Peer pressure spending, No financial knowledge, Saving",Medium
766,23,Non-binary,Tier 1,Semi-urban,2000,0,NoApp,"Lack of tools, Parental dependency, Side income",Low
767,22,Male,Tier 1,Semi-urban,8000,1,Cred,"Peer pressure spending, No financial knowledge, Saving",High
768,22,Female,Tier 1,Rural,5000,1,Splitwise,"Budgeting, Saving, Loans",Medium
769,22,Female,Tier 2,Urban,8000,1,Splitwise,"Loans, Rent sharing, No bank account",High
770,20,Female,Tier 2,Rural,8000,1,Walnut,"Loans, Rent sharing, No bank account",High
771,24,Non-binary,Tier 2,Rural,6000,0,Cred,"Tracking expenses, Overspending, Emergency funds",Medium
772,21,Female,Tier 1,Semi-urban,7000,1,Walnut,"Peer pressure spending, No financial knowledge, Saving",High
773,22,Female,Tier 2,Rural,8000,1,Splitwise,"Tracking expenses, Overspending, Emergency funds",High
774,24,Male,Tier 3,Rural,7000,0,Walnut,"Budgeting, Saving, Loans",High
775,23,Non-binary,Tier 1,Urban,3000,0,Cred,"Loans, Rent sharing, No bank account",Medium
776,22,Female,Tier 2,Rural,3000,1,Jupiter,"Tracking expenses, Overspending, Emergency funds",Medium
777,21,Male,Tier 3,Urban,5000,0,Splitwise,"Peer pressure spending, No financial knowledge, Saving",Medium
778,24,Male,Tier 3,Semi-urban,2000,0,Jupiter,"Budgeting, Saving, Loans",Low
779,22,Male,Tier 2,Urban,8000,0,Cred,"Budgeting, Saving, Loans",High
780,21,Male,Tier 3,Urban,8000,1,Splitwise,"Peer pressure spending, No financial knowledge, Saving",High
781,19,Female,Tier 3,Semi-urban,2000,1,Walnut,"Tracking expenses, Overspending, Emergency funds",Low
782,23,Male,Tier 1,Urban,4000,0,Walnut,"Lack of tools, Parental dependency, Side income",Medium
783,24,Non-binary,Tier 3,Urban,2000,1,Walnut,"Tracking expenses, Overspending, Emergency funds",Low
784,21,Non-binary,Tier 1,Semi-urban,4000,1,Splitwise,"Peer pressure spending, No financial knowledge, Saving",Medium
785,21,Female,Tier 3,Rural,4000,1,Splitwise,"Loans, Rent sharing, No bank account",Medium
786,20,Male,Tier 1,Urban,2000,1,Walnut,"Tracking expenses, Overspending, Emergency funds",Low
787,24,Non-binary,Tier 3,Rural,2000,1,Walnut,"Lack of tools, Parental dependency, Side income",Low
788,19,Male,Tier 2,Semi-urban,4000,1,Jupiter,"Tracking expenses, Overspending, Emergency funds",Medium
789,24,Non-binary,Tier 3,Semi-urban,3000,1,Splitwise,"Loans, Rent sharing, No bank account",Medium
790,23,Non-binary,Tier 2,Rural,5000,1,Walnut,"Budgeting, Saving, Loans",Medium
791,20,Non-binary,Tier 3,Urban,3000,1,Cred,"Tracking expenses, Overspending, Emergency funds",Medium
792,24,Female,Tier 2,Rural,7000,1,Walnut,"Budgeting, Saving, Loans",High
793,24,Non-binary,Tier 2,Semi-urban,2000,0,Splitwise,"Loans, Rent sharing, No bank account",Low
794,22,Male,Tier 1,Semi-urban,6000,1,Walnut,"Lack of tools, Parental dependency, Side income",Medium
795,21,Female,Tier 2,Urban,2000,0,Jupiter,"Tracking expenses, Overspending, Emergency funds",Low
796,23,Female,Tier 3,Semi-urban,4000,1,NoApp,"Budgeting, Saving, Loans",Medium
797,19,Non-binary,Tier 2,Rural,6000,0,Splitwise,"Lack of tools, Parental dependency, Side income",Medium
798,20,Female,Tier 3,Rural,6000,1,Splitwise,"Budgeting, Saving, Loans",Medium
799,21,Non-binary,Tier 2,Rural,5000,1,NoApp,"Budgeting, Saving, Loans",Medium
800,18,Male,Tier 3,Rural,7000,0,Walnut,"Budgeting, Saving, Loans",High
801,23,Female,Tier 3,Urban,2000,0,Jupiter,"Tracking expenses, Overspending, Emergency funds",Low
802,20,Non-binary,Tier 3,Rural,5000,0,Walnut,"Budgeting, Saving, Loans",Medium
803,19,Female,Tier 3,Urban,7000,1,NoApp,"Loans, Rent sharing, No bank account",High
804,20,Female,Tier 3,Semi-urban,3000,1,Jupiter,"Peer pressure spending, No financial knowledge, Saving",Medium
805,20,Male,Tier 2,Semi-urban,6000,0,Cred,"Lack of tools, Parental dependency, Side income",Medium
806,20,Non-binary,Tier 3,Urban,5000,1,Cred,"Lack of tools, Parental dependency, Side income",Medium
807,22,Non-binary,Tier 2,Urban,3000,1,Jupiter,"Tracking expenses, Overspending, Emergency funds",Medium
808,18,Male,Tier 1,Semi-urban,2000,0,Cred,"Tracking expenses, Overspending, Emergency funds",Low
809,19,Male,Tier 1,Semi-urban,2000,1,Jupiter,"Tracking expenses, Overspending, Emergency funds",Low
810,19,Non-binary,Tier 2,Rural,4000,0,Walnut,"Peer pressure spending, No financial knowledge, Saving",Medium
811,19,Female,Tier 3,Urban,3000,0,Walnut,"Loans, Rent sharing, No bank account",Medium
812,21,Male,Tier 2,Semi-urban,3000,1,NoApp,"Lack of tools, Parental dependency, Side income",Medium
813,23,Male,Tier 1,Urban,5000,1,Walnut,"Lack of tools, Parental dependency, Side income",Medium
814,19,Female,Tier 2,Semi-urban,7000,0,Walnut,"Tracking expenses, Overspending, Emergency funds",High
815,23,Non-binary,Tier 2,Urban,6000,0,NoApp,"Tracking expenses, Overspending, Emergency funds",Medium
816,19,Female,Tier 3,Urban,7000,1,Splitwise,"Loans, Rent sharing, No bank account",High
817,18,Male,Tier 1,Semi-urban,7000,1,Splitwise,"Budgeting, Saving, Loans",High
818,21,Female,Tier 3,Rural,6000,1,Jupiter,"Loans, Rent sharing, No bank account",Medium
819,21,Non-binary,Tier 3,Rural,4000,1,Splitwise,"Tracking expenses, Overspending, Emergency funds",Medium
820,20,Male,Tier 2,Rural,7000,0,Splitwise,"Lack of tools, Parental dependency, Side income",High
821,22,Female,Tier 2,Semi-urban,4000,1,Splitwise,"Loans, Rent sharing, No bank account",Medium
822,21,Non-binary,Tier 2,Semi-urban,4000,1,Walnut,"Budgeting, Saving, Loans",Medium
823,21,Non-binary,Tier 2,Rural,3000,1,Splitwise,"Peer pressure spending, No financial knowledge, Saving",Medium
824,18,Non-binary,Tier 3,Semi-urban,2000,0,Walnut,"Peer pressure spending, No financial knowledge, Saving",Low
825,19,Non-binary,Tier 3,Semi-urban,2000,1,Walnut,"Lack of tools, Parental dependency, Side income",Low
826,24,Non-binary,Tier 2,Rural,5000,1,NoApp,"Budgeting, Saving, Loans",Medium
827,21,Non-binary,Tier 2,Semi-urban,6000,1,Jupiter,"Loans, Rent sharing, No bank account",Medium
828,21,Male,Tier 1,Semi-urban,6000,0,NoApp,"Tracking expenses, Overspending, Emergency funds",Medium
829,24,Non-binary,Tier 3,Urban,8000,1,Cred,"Tracking expenses, Overspending, Emergency funds",High
830,22,Non-binary,Tier 3,Urban,5000,1,Walnut,"Budgeting, Saving, Loans",Medium
831,23,Non-binary,Tier 3,Rural,3000,0,Splitwise,"Loans, Rent sharing, No bank account",Medium
832,18,Female,Tier 2,Urban,2000,0,Splitwise,"Budgeting, Saving, Loans",Low
833,24,Male,Tier 2,Urban,4000,0,Cred,"Loans, Rent sharing, No bank account",Medium
834,24,Male,Tier 2,Semi-urban,2000,1,Jupiter,"Peer pressure spending, No financial knowledge, Saving",Low
835,22,Female,Tier 1,Urban,5000,0,Walnut,"Loans, Rent sharing, No bank account",Medium
836,21,Non-binary,Tier 2,Semi-urban,2000,1,Cred,"Loans, Rent sharing, No bank account",Low
837,21,Female,Tier 1,Urban,4000,0,Cred,"Tracking expenses, Overspending, Emergency funds",Medium
838,18,Female,Tier 2,Rural,8000,0,Cred,"Lack of tools, Parental dependency, Side income",High
839,20,Female,Tier 3,Semi-urban,7000,0,Walnut,"Tracking expenses, Overspending, Emergency funds",High
840,20,Male,Tier 1,Urban,7000,1,Walnut,"Peer pressure spending, No financial knowledge, Saving",High
841,24,Male,Tier 2,Semi-urban,6000,0,Walnut,"Budgeting, Saving, Loans",Medium
842,21,Male,Tier 2,Rural,5000,1,Walnut,"Tracking expenses, Overspending, Emergency funds",Medium
843,24,Non-binary,Tier 3,Rural,3000,0,NoApp,"Budgeting, Saving, Loans",Medium
844,24,Non-binary,Tier 2,Semi-urban,2000,0,Cred,"Tracking expenses, Overspending, Emergency funds",Low
845,21,Female,Tier 3,Rural,2000,1,NoApp,"Lack of tools, Parental dependency, Side income",Low
846,22,Male,Tier 2,Rural,3000,1,Jupiter,"Lack of tools, Parental dependency, Side income",Medium
847,23,Male,Tier 1,Urban,3000,0,Cred,"Tracking expenses, Overspending, Emergency funds",Medium
848,23,Non-binary,Tier 1,Rural,7000,0,Walnut,"Tracking expenses, Overspending, Emergency funds",High
849,22,Non-binary,Tier 3,Urban,4000,0,Walnut,"Budgeting, Saving, Loans",Medium
850,24,Male,Tier 2,Semi-urban,2000,1,Walnut,"Budgeting, Saving, Loans",Low
851,22,Male,Tier 3,Rural,5000,1,NoApp,"Peer pressure spending, No financial knowledge, Saving",Medium
852,19,Non-binary,Tier 3,Semi-urban,8000,1,Walnut,"Peer pressure spending, No financial knowledge, Saving",High
853,21,Non-binary,Tier 2,Rural,2000,1,Cred,"Tracking expenses, Overspending, Emergency funds",Low
854,19,Male,Tier 1,Urban,4000,1,Splitwise,"Lack of tools, Parental dependency, Side income",Medium
855,20,Female,Tier 1,Rural,8000,0,Cred,"Peer pressure spending, No financial knowledge, Saving",High
856,21,Female,Tier 3,Semi-urban,5000,1,Jupiter,"Peer pressure spending, No financial knowledge, Saving",Medium
857,21,Female,Tier 3,Rural,5000,0,Cred,"Loans, Rent sharing, No bank account",Medium
858,18,Female,Tier 3,Urban,5000,0,Walnut,"Lack of tools, Parental dependency, Side income",Medium
859,21,Male,Tier 1,Semi-urban,7000,0,Cred,"Budgeting, Saving, Loans",High
860,20,Female,Tier 1,Urban,4000,1,Cred,"Budgeting, Saving, Loans",Medium
861,23,Female,Tier 1,Rural,2000,1,NoApp,"Budgeting, Saving, Loans",Low
862,23,Non-binary,Tier 3,Rural,7000,0,Splitwise,"Loans, Rent sharing, No bank account",High
863,24,Female,Tier 3,Urban,6000,0,Cred,"Tracking expenses, Overspending, Emergency funds",Medium
864,21,Non-binary,Tier 1,Semi-urban,5000,0,Jupiter,"Tracking expenses, Overspending, Emergency funds",Medium
865,23,Non-binary,Tier 3,Urban,3000,0,Cred,"Budgeting, Saving, Loans",Medium
866,19,Male,Tier 1,Semi-urban,4000,0,Splitwise,"Lack of tools, Parental dependency, Side income",Medium
867,24,Male,Tier 1,Semi-urban,5000,0,Splitwise,"Loans, Rent sharing, No bank account",Medium
868,21,Male,Tier 1,Semi-urban,4000,0,Splitwise,"Budgeting, Saving, Loans",Medium
869,19,Male,Tier 2,Urban,3000,1,Splitwise,"Budgeting, Saving, Loans",Medium
870,22,Non-binary,Tier 2,Semi-urban,5000,0,Splitwise,"Tracking expenses, Overspending, Emergency funds",Medium
871,22,Male,Tier 3,Urban,2000,0,NoApp,"Lack of tools, Parental dependency, Side income",Low
872,18,Non-binary,Tier 2,Urban,4000,1,Splitwise,"Loans, Rent sharing, No bank account",Medium
873,21,Male,Tier 1,Urban,5000,0,NoApp,"Loans, Rent sharing, No bank account",Medium
874,22,Female,Tier 3,Rural,5000,0,Cred,"Peer pressure spending, No financial knowledge, Saving",Medium
875,22,Female,Tier 1,Rural,4000,0,Cred,"Lack of tools, Parental dependency, Side income",Medium
876,23,Non-binary,Tier 1,Rural,3000,0,NoApp,"Tracking expenses, Overspending, Emergency funds",Medium
877,18,Female,Tier 3,Semi-urban,8000,0,Walnut,"Peer pressure spending, No financial knowledge, Saving",High
878,18,Female,Tier 1,Rural,4000,0,Splitwise,"Tracking expenses, Overspending, Emergency funds",Medium
879,23,Non-binary,Tier 2,Rural,6000,1,Splitwise,"Budgeting, Saving, Loans",Medium
880,21,Female,Tier 3,Rural,2000,1,Cred,"Peer pressure spending, No financial knowledge, Saving",Low
881,19,Female,Tier 2,Semi-urban,3000,1,NoApp,"Tracking expenses, Overspending, Emergency funds",Medium
882,24,Female,Tier 2,Urban,8000,0,Splitwise,"Budgeting, Saving, Loans",High
883,21,Male,Tier 3,Rural,7000,1,Cred,"Tracking expenses, Overspending, Emergency funds",High
884,19,Non-binary,Tier 1,Urban,7000,1,Splitwise,"Lack of tools, Parental dependency, Side income",High
885,18,Male,Tier 2,Urban,2000,1,NoApp,"Tracking expenses, Overspending, Emergency funds",Low
886,20,Female,Tier 2,Urban,2000,0,Walnut,"Lack of tools, Parental dependency, Side income",Low
887,21,Female,Tier 2,Urban,7000,0,Jupiter,"Tracking expenses, Overspending, Emergency funds",High
888,20,Male,Tier 3,Rural,4000,1,Cred,"Budgeting, Saving, Loans",Medium
889,19,Female,Tier 1,Semi-urban,8000,1,Cred,"Lack of tools, Parental dependency, Side income",High
890,21,Non-binary,Tier 1,Rural,6000,0,Jupiter,"Loans, Rent sharing, No bank account",Medium
891,20,Non-binary,Tier 3,Semi-urban,5000,1,Jupiter,"Lack of tools, Parental dependency, Side income",Medium
892,20,Non-binary,Tier 3,Rural,8000,1,Cred,"Budgeting, Saving, Loans",High
893,24,Female,Tier 1,Rural,6000,1,Walnut,"Lack of tools, Parental dependency, Side income",Medium
894,21,Non-binary,Tier 3,Urban,3000,0,Cred,"Tracking expenses, Overspending, Emergency funds",Medium
895,20,Non-binary,Tier 3,Semi-urban,6000,0,Jupiter,"Tracking expenses, Overspending, Emergency funds",Medium
896,24,Female,Tier 3,Rural,2000,1,Splitwise,"Loans, Rent sharing, No bank account",Low
897,24,Male,Tier 1,Semi-urban,8000,1,NoApp,"Lack of tools, Parental dependency, Side income",High
898,21,Male,Tier 1,Semi-urban,5000,0,Splitwise,"Tracking expenses, Overspending, Emergency funds",Medium
899,20,Female,Tier 2,Rural,8000,1,Walnut,"Lack of tools, Parental dependency, Side income",High
900,24,Non-binary,Tier 1,Semi-urban,6000,0,Cred,"Peer pressure spending, No financial knowledge, Saving",Medium
901,18,Male,Tier 1,Rural,5000,1,Cred,"Tracking expenses, Overspending, Emergency funds",Medium
902,21,Male,Tier 2,Rural,6000,1,NoApp,"Lack of tools, Parental dependency, Side income",Medium
903,18,Male,Tier 2,Urban,7000,0,Splitwise,"Tracking expenses, Overspending, Emergency funds",High
904,23,Female,Tier 1,Urban,8000,0,NoApp,"Peer pressure spending, No financial knowledge, Saving",High
905,22,Male,Tier 3,Semi-urban,5000,0,Walnut,"Peer pressure spending, No financial knowledge, Saving",Medium
906,18,Male,Tier 2,Urban,6000,1,Splitwise,"Tracking expenses, Overspending, Emergency funds",Medium
907,20,Female,Tier 1,Semi-urban,3000,1,Splitwise,"Peer pressure spending, No financial knowledge, Saving",Medium
908,19,Female,Tier 1,Rural,5000,0,Walnut,"Tracking expenses, Overspending, Emergency funds",Medium
909,23,Female,Tier 2,Urban,4000,0,Cred,"Budgeting, Saving, Loans",Medium
910,18,Male,Tier 3,Rural,2000,1,Cred,"Loans, Rent sharing, No bank account",Low
911,24,Male,Tier 3,Urban,5000,1,Jupiter,"Budgeting, Saving, Loans",Medium
912,23,Female,Tier 1,Urban,8000,0,Cred,"Peer pressure spending, No financial knowledge, Saving",High
913,18,Non-binary,Tier 2,Urban,7000,1,NoApp,"Tracking expenses, Overspending, Emergency funds",High
914,24,Female,Tier 2,Rural,2000,1,Walnut,"Budgeting, Saving, Loans",Low
915,18,Male,Tier 2,Semi-urban,6000,1,Cred,"Lack of tools, Parental dependency, Side income",Medium
916,19,Male,Tier 3,Urban,6000,1,Splitwise,"Lack of tools, Parental dependency, Side income",Medium
917,19,Female,Tier 3,Rural,6000,1,Walnut,"Lack of tools, Parental dependency, Side income",Medium
918,24,Non-binary,Tier 3,Semi-urban,8000,0,Cred,"Tracking expenses, Overspending, Emergency funds",High
919,18,Non-binary,Tier 2,Semi-urban,6000,1,NoApp,"Peer pressure spending, No financial knowledge, Saving",Medium
920,22,Male,Tier 1,Urban,7000,1,Jupiter,"Tracking expenses, Overspending, Emergency funds",High
921,19,Non-binary,Tier 3,Rural,6000,1,Jupiter,"Peer pressure spending, No financial knowledge, Saving",Medium
922,19,Non-binary,Tier 2,Rural,3000,1,Walnut,"Loans, Rent sharing, No bank account",Medium
923,19,Non-binary,Tier 2,Semi-urban,2000,0,NoApp,"Tracking expenses, Overspending, Emergency funds",Low
924,21,Female,Tier 1,Rural,8000,0,NoApp,"Loans, Rent sharing, No bank account",High
925,23,Male,Tier 1,Semi-urban,5000,0,NoApp,"Tracking expenses, Overspending, Emergency funds",Medium
926,18,Female,Tier 2,Semi-urban,3000,0,Cred,"Loans, Rent sharing, No bank account",Medium
927,22,Non-binary,Tier 1,Semi-urban,3000,0,Jupiter,"Loans, Rent sharing, No bank account",Medium
928,19,Male,Tier 3,Urban,3000,1,NoApp,"Tracking expenses, Overspending, Emergency funds",Medium
929,21,Female,Tier 2,Rural,8000,1,Splitwise,"Budgeting, Saving, Loans",High
930,23,Male,Tier 3,Urban,3000,1,Cred,"Lack of tools, Parental dependency, Side income",Medium
931,20,Female,Tier 2,Semi-urban,3000,1,Splitwise,"Loans, Rent sharing, No bank account",Medium
932,24,Male,Tier 3,Rural,2000,0,Splitwise,"Lack of tools, Parental dependency, Side income",Low
933,20,Female,Tier 1,Rural,5000,0,Walnut,"Tracking expenses, Overspending, Emergency funds",Medium
934,19,Non-binary,Tier 1,Semi-urban,2000,0,Cred,"Loans, Rent sharing, No bank account",Low
935,22,Female,Tier 3,Rural,7000,0,Splitwise,"Lack of tools, Parental dependency, Side income",High
936,22,Non-binary,Tier 2,Semi-urban,5000,1,Cred,"Lack of tools, Parental dependency, Side income",Medium
937,23,Female,Tier 2,Semi-urban,3000,1,NoApp,"Peer pressure spending, No financial knowledge, Saving",Medium
938,23,Non-binary,Tier 3,Semi-urban,8000,0,Walnut,"Budgeting, Saving, Loans",High
939,18,Non-binary,Tier 3,Semi-urban,7000,0,Jupiter,"Lack of tools, Parental dependency, Side income",High
940,24,Female,Tier 1,Rural,3000,1,Splitwise,"Tracking expenses, Overspending, Emergency funds",Medium
941,24,Female,Tier 1,Urban,8000,0,Walnut,"Tracking expenses, Overspending, Emergency funds",High
942,19,Male,Tier 3,Rural,6000,1,Walnut,"Peer pressure spending, No financial knowledge, Saving",Medium
943,20,Female,Tier 3,Urban,4000,0,Walnut,"Lack of tools, Parental dependency, Side income",Medium
944,18,Male,Tier 2,Rural,4000,1,Walnut,"Loans, Rent sharing, No bank account",Medium
945,22,Female,Tier 2,Semi-urban,7000,1,NoApp,"Tracking expenses, Overspending, Emergency funds",High
946,18,Male,Tier 3,Rural,8000,0,Cred,"Loans, Rent sharing, No bank account",High
947,20,Non-binary,Tier 2,Rural,2000,0,Jupiter,"Tracking expenses, Overspending, Emergency funds",Low
948,22,Female,Tier 1,Rural,2000,1,Jupiter,"Loans, Rent sharing, No bank account",Low
949,23,Non-binary,Tier 2,Semi-urban,5000,0,Cred,"Budgeting, Saving, Loans",Medium
950,21,Female,Tier 3,Urban,6000,0,Jupiter,"Lack of tools, Parental dependency, Side income",Medium
951,21,Male,Tier 1,Rural,5000,0,Walnut,"Budgeting, Saving, Loans",Medium
952,23,Female,Tier 1,Semi-urban,6000,0,NoApp,"Budgeting, Saving, Loans",Medium
953,19,Male,Tier 1,Urban,4000,0,Walnut,"Lack of tools, Parental dependency, Side income",Medium
954,18,Male,Tier 2,Semi-urban,8000,1,Walnut,"Loans, Rent sharing, No bank account",High
955,22,Female,Tier 2,Urban,4000,0,NoApp,"Budgeting, Saving, Loans",Medium
956,23,Non-binary,Tier 1,Semi-urban,6000,0,Splitwise,"Lack of tools, Parental dependency, Side income",Medium
957,24,Female,Tier 1,Semi-urban,5000,0,Jupiter,"Loans, Rent sharing, No bank account",Medium
958,23,Non-binary,Tier 2,Semi-urban,8000,1,NoApp,"Lack of tools, Parental dependency, Side income",High
959,19,Male,Tier 2,Semi-urban,2000,0,Cred,"Lack of tools, Parental dependency, Side income",Low
960,18,Female,Tier 1,Semi-urban,8000,1,Cred,"Budgeting, Saving, Loans",High
961,23,Female,Tier 2,Rural,7000,0,Cred,"Lack of tools, Parental dependency, Side income",High
962,24,Non-binary,Tier 2,Rural,6000,1,Splitwise,"Lack of tools, Parental dependency, Side income",Medium
963,20,Female,Tier 2,Urban,6000,0,NoApp,"Tracking expenses, Overspending, Emergency funds",Medium
964,24,Male,Tier 2,Rural,6000,1,Splitwise,"Budgeting, Saving, Loans",Medium
965,23,Female,Tier 3,Semi-urban,8000,1,Cred,"Loans, Rent sharing, No bank account",High
966,22,Male,Tier 3,Semi-urban,5000,0,Walnut,"Budgeting, Saving, Loans",Medium
967,24,Male,Tier 3,Rural,2000,0,Walnut,"Lack of tools, Parental dependency, Side income",Low
968,18,Non-binary,Tier 1,Urban,5000,0,Splitwise,"Tracking expenses, Overspending, Emergency funds",Medium
969,24,Non-binary,Tier 2,Urban,3000,1,Cred,"Tracking expenses, Overspending, Emergency funds",Medium
970,22,Male,Tier 3,Urban,3000,0,Cred,"Peer pressure spending, No financial knowledge, Saving",Medium
971,24,Non-binary,Tier 2,Rural,6000,1,Cred,"Peer pressure spending, No financial knowledge, Saving",Medium
972,18,Non-binary,Tier 3,Semi-urban,6000,0,Cred,"Tracking expenses, Overspending, Emergency funds",Medium
973,20,Male,Tier 1,Urban,6000,1,NoApp,"Budgeting, Saving, Loans",Medium
974,22,Female,Tier 1,Urban,8000,0,Splitwise,"Budgeting, Saving, Loans",High
975,21,Female,Tier 3,Urban,2000,0,Splitwise,"Lack of tools, Parental dependency, Side income",Low
976,23,Non-binary,Tier 1,Semi-urban,2000,1,NoApp,"Peer pressure spending, No financial knowledge, Saving",Low
977,20,Non-binary,Tier 2,Semi-urban,6000,1,Walnut,"Tracking expenses, Overspending, Emergency funds",Medium
978,18,Male,Tier 2,Urban,8000,0,Splitwise,"Lack of tools, Parental dependency, Side income",High
979,22,Male,Tier 1,Semi-urban,2000,0,Jupiter,"Loans, Rent sharing, No bank account",Low
980,23,Male,Tier 2,Urban,8000,0,Splitwise,"Loans, Rent sharing, No bank account",High
981,20,Male,Tier 3,Rural,4000,1,Splitwise,"Budgeting, Saving, Loans",Medium
982,18,Female,Tier 3,Urban,8000,0,Walnut,"Lack of tools, Parental dependency, Side income",High
983,24,Male,Tier 3,Rural,6000,1,NoApp,"Lack of tools, Parental dependency, Side income",Medium
984,21,Male,Tier 2,Semi-urban,4000,1,Walnut,"Tracking expenses, Overspending, Emergency funds",Medium
985,24,Non-binary,Tier 3,Urban,5000,0,Walnut,"Lack of tools, Parental dependency, Side income",Medium
986,21,Male,Tier 1,Semi-urban,4000,1,NoApp,"Tracking expenses, Overspending, Emergency funds",Medium
987,18,Non-binary,Tier 3,Urban,5000,1,Jupiter,"Peer pressure spending, No financial knowledge, Saving",Medium
988,21,Male,Tier 2,Rural,7000,1,NoApp,"Lack of tools, Parental dependency, Side income",High
989,20,Male,Tier 2,Semi-urban,5000,0,Walnut,"Budgeting, Saving, Loans",Medium
990,23,Non-binary,Tier 3,Semi-urban,6000,1,NoApp,"Budgeting, Saving, Loans",Medium
991,24,Female,Tier 1,Urban,6000,1,Splitwise,"Lack of tools, Parental dependency, Side income",Medium
992,21,Female,Tier 1,Semi-urban,5000,1,Splitwise,"Peer pressure spending, No financial knowledge, Saving",Medium
993,23,Non-binary,Tier 1,Rural,2000,1,Jupiter,"Loans, Rent sharing, No bank account",Low
994,19,Non-binary,Tier 2,Rural,3000,0,Jupiter,"Budgeting, Saving, Loans",Medium
995,21,Female,Tier 1,Urban,4000,1,NoApp,"Peer pressure spending, No financial knowledge, Saving",Medium
996,19,Non-binary,Tier 2,Urban,5000,1,NoApp,"Lack of tools, Parental dependency, Side income",Medium
997,23,Non-binary,Tier 3,Semi-urban,3000,1,NoApp,"Peer pressure spending, No financial knowledge, Saving",Medium
998,22,Non-binary,Tier 3,Rural,6000,1,Cred,"Loans, Rent sharing, No bank account",Medium
999,23,Non-binary,Tier 2,Semi-urban,6000,0,Walnut,"Loans, Rent sharing, No bank account",Medium
1000,20,Non-binary,Tier 2,Rural,7000,1,Walnut,"Loans, Rent sharing, No bank account",High
